Date,USD (PM),xielv,dis
2016-09-11,0.0,0.0,0 days
2016-09-12,1324.6,0.1,1 days
2016-09-13,1323.65,0.1,2 days
2016-09-14,1321.75,0.1,3 days
2016-09-15,1310.8,0.1,4 days
2016-09-16,1308.35,0.1,5 days
2016-09-17,0.0,0.0,6 days
2016-09-18,0.0,0.0,7 days
2016-09-19,1314.85,0.1,8 days
2016-09-20,1313.8,0.1,9 days
2016-09-21,1326.1,0.1,10 days
2016-09-22,1339.1,0.1,11 days
2016-09-23,1338.65,0.1,12 days
2016-09-24,0.0,0.0,13 days
2016-09-25,0.0,0.0,14 days
2016-09-26,1340.5,0.1,15 days
2016-09-27,1327.0,0.1,16 days
2016-09-28,1322.5,0.1,17 days
2016-09-29,1318.1,0.1,18 days
2016-09-30,1322.5,0.1,19 days
2016-10-01,0.0,0.0,20 days
2016-10-02,0.0,0.0,21 days
2016-10-03,1313.3,0.1,22 days
2016-10-04,1283.3,0.1,23 days
2016-10-05,1269.4,0.1,24 days
2016-10-06,1254.5,0.1,25 days
2016-10-07,1258.75,0.1,26 days
2016-10-08,0.0,0.0,27 days
2016-10-09,0.0,0.0,28 days
2016-10-10,1259.5,0.1,29 days
2016-10-11,1253.45,0.1,30 days
2016-10-12,1256.5,0.1,31 days
2016-10-13,1261.05,0.1,32 days
2016-10-14,1251.75,0.1,33 days
2016-10-15,0.0,0.0,34 days
2016-10-16,0.0,0.0,35 days
2016-10-17,1254.8,0.1,36 days
2016-10-18,1258.2,0.1,37 days
2016-10-19,1269.05,0.1,38 days
2016-10-20,1271.65,0.1,39 days
2016-10-21,1266.05,0.1,40 days
2016-10-22,0.0,0.0,41 days
2016-10-23,0.0,0.0,42 days
2016-10-24,1265.55,-0.149054595,43 days
2016-10-25,1269.4,-0.119529859,44 days
2016-10-26,1270.5,-0.122362017,45 days
2016-10-27,1266.25,-0.147011488,46 days
2016-10-28,1273.0,-0.092651911,47 days
2016-10-29,0.0,0.0,48 days
2016-10-30,0.0,0.0,49 days
2016-10-31,1272.0,-0.116058971,50 days
2016-11-01,1288.45,-0.026719441,51 days
2016-11-02,1303.75,0.023171916,52 days
2016-11-03,1301.0,-0.054872142,53 days
2016-11-04,1302.8,-0.035967852,54 days
2016-11-05,0.0,0.0,55 days
2016-11-06,0.0,0.0,56 days
2016-11-07,1283.05,-0.133673148,57 days
2016-11-08,1282.35,-0.079625395,58 days
2016-11-09,1281.4,-0.080055469,59 days
2016-11-10,1267.5,-0.131667602,60 days
2016-11-11,1236.45,-0.274464515,61 days
2016-11-12,0.0,0.0,62 days
2016-11-13,0.0,0.0,63 days
2016-11-14,1213.6,-0.31664768,64 days
2016-11-15,1226.95,-0.159892294,65 days
2016-11-16,1229.2,-0.166928978,66 days
2016-11-17,1226.75,-0.165764549,67 days
2016-11-18,1211.0,-0.199345278,68 days
2016-11-19,0.0,0.0,69 days
2016-11-20,0.0,0.0,70 days
2016-11-21,1214.25,-0.176297565,71 days
2016-11-22,1212.25,-0.1830318,72 days
2016-11-23,1185.35,-0.238680736,73 days
2016-11-24,1186.1,-0.225227032,74 days
2016-11-25,1187.7,-0.211057082,75 days
2016-11-26,0.0,0.0,76 days
2016-11-27,0.0,0.0,77 days
2016-11-28,1187.0,-0.214218059,78 days
2016-11-29,1186.55,-0.20591326,79 days
2016-11-30,1178.1,-0.217783298,80 days
2016-12-01,1161.85,-0.2363067,81 days
2016-12-02,1173.5,-0.229174706,82 days
2016-12-03,0.0,0.0,83 days
2016-12-04,0.0,0.0,84 days
2016-12-05,1162.2,-0.236978213,85 days
2016-12-06,1172.5,-0.208071106,86 days
2016-12-07,1177.65,-0.199748855,87 days
2016-12-08,1171.05,-0.209308417,88 days
2016-12-09,1163.6,-0.21700318,89 days
2016-12-10,0.0,0.0,90 days
2016-12-11,0.0,0.0,91 days
2016-12-12,1156.1,-0.22508989,92 days
2016-12-13,1158.55,-0.215218111,93 days
2016-12-14,1162.25,-0.206850622,94 days
2016-12-15,1126.95,-0.257918956,95 days
2016-12-16,1131.6,-0.247181115,96 days
2016-12-17,0.0,0.0,97 days
2016-12-18,0.0,0.0,98 days
2016-12-19,1136.25,-0.236806538,99 days
2016-12-20,1125.7,-0.248859243,100 days
2016-12-21,1133.65,-0.233941986,101 days
2016-12-22,1131.35,-0.233991275,102 days
2016-12-23,,0.0,103 days
2016-12-24,0.0,0.0,104 days
2016-12-25,0.0,0.0,105 days
2016-12-26,0.0,0.0,106 days
2016-12-27,0.0,0.0,107 days
2016-12-28,1134.6,-0.223279863,108 days
2016-12-29,1145.9,-0.205193806,109 days
2016-12-30,,0.0,110 days
2016-12-31,0.0,0.0,111 days
2017-01-01,0.0,0.0,112 days
2017-01-02,0.0,0.0,113 days
2017-01-03,1151.0,-0.193365856,114 days
2017-01-04,1164.25,-0.174339428,115 days
2017-01-05,1176.7,-0.157113113,116 days
2017-01-06,1175.85,-0.15617806,117 days
2017-01-07,0.0,0.0,118 days
2017-01-08,0.0,0.0,119 days
2017-01-09,1178.5,-0.151184329,120 days
2017-01-10,1189.5,-0.134694343,121 days
2017-01-11,1178.55,-0.147527937,122 days
2017-01-12,1205.05,-0.116714707,123 days
2017-01-13,1190.35,-0.131141807,124 days
2017-01-14,0.0,0.0,125 days
2017-01-15,0.0,0.0,126 days
2017-01-16,1203.0,-0.11618464,127 days
2017-01-17,1216.05,-0.101436842,128 days
2017-01-18,1214.75,-0.101606889,129 days
2017-01-19,1196.05,-0.11942087,130 days
2017-01-20,1200.55,-0.113546859,131 days
2017-01-21,0.0,0.0,132 days
2017-01-22,0.0,0.0,133 days
2017-01-23,1212.85,-0.100150375,134 days
2017-01-24,1216.8,-0.095261318,135 days
2017-01-25,1195.0,-0.115374346,136 days
2017-01-26,1189.7,-0.119357821,137 days
2017-01-27,1184.85,-0.122861899,138 days
2017-01-28,0.0,0.0,139 days
2017-01-29,0.0,0.0,140 days
2017-01-30,1192.8,-0.113913714,141 days
2017-01-31,1212.8,-0.09406467,142 days
2017-02-01,1203.65,-0.101501033,143 days
2017-02-02,1221.95,-0.084005074,144 days
2017-02-03,1215.2,-0.089134984,145 days
2017-02-04,0.0,0.0,146 days
2017-02-05,0.0,0.0,147 days
2017-02-06,1226.75,-0.07819961,148 days
2017-02-07,1231.0,-0.073821104,149 days
2017-02-08,1242.1,-0.063865171,150 days
2017-02-09,1236.8,-0.067609193,151 days
2017-02-10,1228.3,-0.073963242,152 days
2017-02-11,0.0,0.0,153 days
2017-02-12,0.0,0.0,154 days
2017-02-13,1222.25,-0.078260749,155 days
2017-02-14,1230.75,-0.07060585,156 days
2017-02-15,1224.4,-0.075078896,157 days
2017-02-16,1240.55,-0.061592908,158 days
2017-02-17,1241.95,-0.059953667,159 days
2017-02-18,0.0,0.0,160 days
2017-02-19,0.0,0.0,161 days
2017-02-20,1237.3,-0.062997194,162 days
2017-02-21,1233.2,-0.065589483,163 days
2017-02-22,1236.65,-0.062385581,164 days
2017-02-23,1247.9,-0.05344631,165 days
2017-02-24,1253.65,-0.048788577,166 days
2017-02-25,0.0,0.0,167 days
2017-02-26,0.0,0.0,168 days
2017-02-27,1257.2,-0.045821542,169 days
2017-02-28,1255.6,-0.046571019,170 days
2017-03-01,1240.4,-0.057043131,171 days
2017-03-02,1238.1,-0.058220929,172 days
2017-03-03,1226.5,-0.066102228,173 days
2017-03-04,0.0,0.0,174 days
2017-03-05,0.0,0.0,175 days
2017-03-06,1230.95,-0.06236021,176 days
2017-03-07,1216.65,-0.072135971,177 days
2017-03-08,1209.2,-0.076963713,178 days
2017-03-09,1206.55,-0.078272761,179 days
2017-03-10,1202.65,-0.080477048,180 days
2017-03-11,0.0,0.0,181 days
2017-03-12,0.0,0.0,182 days
2017-03-13,1204.2,-0.07872708,183 days
2017-03-14,1204.6,-0.077826664,184 days
2017-03-15,1198.8,-0.081347499,185 days
2017-03-16,1229.35,-0.059599977,186 days
2017-03-17,1229.6,-0.05897778,187 days
2017-03-18,0.0,0.0,188 days
2017-03-19,0.0,0.0,189 days
2017-03-20,1232.4,-0.056676792,190 days
2017-03-21,1241.6,-0.050262582,191 days
2017-03-22,1249.05,-0.045138785,192 days
2017-03-23,1247.5,-0.045780458,193 days
2017-03-24,1247.5,-0.045443825,194 days
2017-03-25,0.0,0.0,195 days
2017-03-26,0.0,0.0,196 days
2017-03-27,1257.55,-0.038918214,197 days
2017-03-28,1257.25,-0.038818334,198 days
2017-03-29,1251.1,-0.042264967,199 days
2017-03-30,1248.8,-0.043355902,200 days
2017-03-31,1244.85,-0.045435417,201 days
2017-04-01,0.0,0.0,202 days
2017-04-02,0.0,0.0,203 days
2017-04-03,1247.25,-0.043673547,204 days
2017-04-04,1257.65,-0.037226718,205 days
2017-04-05,1245.8,-0.043925372,206 days
2017-04-06,1252.5,-0.039699914,207 days
2017-04-07,1266.45,-0.031449144,208 days
2017-04-08,0.0,0.0,209 days
2017-04-09,0.0,0.0,210 days
2017-04-10,1250.05,-0.0405698,211 days
2017-04-11,1252.9,-0.038667052,212 days
2017-04-12,1274.3,-0.026491704,213 days
2017-04-13,1284.15,-0.020999625,214 days
2017-04-14,0.0,0.0,215 days
2017-04-15,0.0,0.0,216 days
2017-04-16,0.0,0.0,217 days
2017-04-17,0.0,0.0,218 days
2017-04-18,1278.95,-0.023637968,219 days
2017-04-19,1279.05,-0.023429186,220 days
2017-04-20,1282.1,-0.021665838,221 days
2017-04-21,1281.85,-0.021655999,222 days
2017-04-22,0.0,0.0,223 days
2017-04-23,0.0,0.0,224 days
2017-04-24,1269.4,-0.028054908,225 days
2017-04-25,1267.8,-0.028719238,226 days
2017-04-26,1261.85,-0.031674248,227 days
2017-04-27,1262.8,-0.030973969,228 days
2017-04-28,1266.45,-0.028877831,229 days
2017-04-29,0.0,0.0,230 days
2017-04-30,0.0,0.0,231 days
2017-05-01,0.0,0.0,232 days
2017-05-02,1255.45,-0.034424916,233 days
2017-05-03,1250.3,-0.036910396,234 days
2017-05-04,1228.45,-0.048314421,235 days
2017-05-05,1228.05,-0.048233483,236 days
2017-05-06,0.0,0.0,237 days
2017-05-07,0.0,0.0,238 days
2017-05-08,1229.8,-0.047003473,239 days
2017-05-09,1220.4,-0.051746576,240 days
2017-05-10,1222.95,-0.050071502,241 days
2017-05-11,1223.15,-0.049665617,242 days
2017-05-12,1231.25,-0.045129317,243 days
2017-05-13,0.0,0.0,244 days
2017-05-14,0.0,0.0,245 days
2017-05-15,1233.3,-0.043804158,246 days
2017-05-16,1234.2,-0.043085781,247 days
2017-05-17,1257.4,-0.031253579,248 days
2017-05-18,1255.9,-0.031803374,249 days
2017-05-19,1252.0,-0.033518625,250 days
2017-05-20,0.0,0.0,251 days
2017-05-21,0.0,0.0,252 days
2017-05-22,1258.85,-0.030017357,253 days
2017-05-23,1260.2,-0.029201714,254 days
2017-05-24,1252.55,-0.032683326,255 days
2017-05-25,1256.95,-0.03040721,256 days
2017-05-26,1265.05,-0.026445635,257 days
2017-05-27,0.0,0.0,258 days
2017-05-28,0.0,0.0,259 days
2017-05-29,0.0,0.0,260 days
2017-05-30,1262.7,-0.027386553,261 days
2017-05-31,1266.2,-0.02562348,262 days
2017-06-01,1264.85,-0.026098786,263 days
2017-06-02,1274.95,-0.021397088,264 days
2017-06-03,0.0,0.0,265 days
2017-06-04,0.0,0.0,266 days
2017-06-05,1279.95,-0.019062385,267 days
2017-06-06,1293.5,-0.013067005,268 days
2017-06-07,1291.0,-0.014068286,269 days
2017-06-08,1273.1,-0.021748623,270 days
2017-06-09,1266.55,-0.024509717,271 days
2017-06-10,0.0,0.0,272 days
2017-06-11,0.0,0.0,273 days
2017-06-12,1266.4,-0.024445238,274 days
2017-06-13,1262.0,-0.026245404,275 days
2017-06-14,1275.5,-0.020260368,276 days
2017-06-15,1254.55,-0.0292339,277 days
2017-06-16,1255.4,-0.02870931,278 days
2017-06-17,0.0,0.0,279 days
2017-06-18,0.0,0.0,280 days
2017-06-19,1248.15,-0.031736089,281 days
2017-06-20,1242.2,-0.034192746,282 days
2017-06-21,1242.5,-0.033885358,283 days
2017-06-22,1250.8,-0.03010318,284 days
2017-06-23,1255.7,-0.027852686,285 days
2017-06-24,0.0,0.0,286 days
2017-06-25,0.0,0.0,287 days
2017-06-26,1245.25,-0.032182895,288 days
2017-06-27,1249.55,-0.03018172,289 days
2017-06-28,1248.0,-0.030689103,290 days
2017-06-29,1243.5,-0.032447332,291 days
2017-06-30,1242.25,-0.03281733,292 days
2017-07-01,0.0,0.0,293 days
2017-07-02,0.0,0.0,294 days
2017-07-03,1229.25,-0.038210657,295 days
2017-07-04,1223.75,-0.040397362,296 days
2017-07-05,1220.3,-0.041693067,297 days
2017-07-06,1224.9,-0.039511838,298 days
2017-07-07,1215.65,-0.043296056,299 days
2017-07-08,0.0,0.0,300 days
2017-07-09,0.0,0.0,301 days
2017-07-10,1211.9,-0.044708878,302 days
2017-07-11,1211.05,-0.044862021,303 days
2017-07-12,1218.8,-0.04133652,304 days
2017-07-13,1218.9,-0.04109835,305 days
2017-07-14,1230.3,-0.036154704,306 days
2017-07-15,0.0,0.0,307 days
2017-07-16,0.0,0.0,308 days
2017-07-17,1234.1,-0.034428537,309 days
2017-07-18,1240.75,-0.030612875,310 days
2017-07-19,1242.15,-0.039715752,311 days
2017-07-20,1238.7,-0.032105044,312 days
2017-07-21,1248.55,-0.028069426,313 days
2017-07-22,0.0,0.0,314 days
2017-07-23,0.0,0.0,315 days
2017-07-24,1255.55,-0.025227447,316 days
2017-07-25,1254.4,-0.02555389,317 days
2017-07-26,1248.1,-0.027860531,318 days
2017-07-27,1261.1,-0.022784103,319 days
2017-07-28,1264.9,-0.021260091,320 days
2017-07-29,0.0,0.0,321 days
2017-07-30,0.0,0.0,322 days
2017-07-31,1267.55,-0.020182996,323 days
2017-08-01,1270.95,-0.018844871,324 days
2017-08-02,1269.6,-0.019253663,325 days
2017-08-03,1268.1,-0.019714534,326 days
2017-08-04,1257.7,-0.023432749,327 days
2017-08-05,0.0,0.0,328 days
2017-08-06,0.0,0.0,329 days
2017-08-07,1258.0,-0.023219816,330 days
2017-08-08,1261.8,-0.0217337,331 days
2017-08-09,1271.05,-0.018317626,332 days
2017-08-10,1284.4,-0.013549206,333 days
2017-08-11,1286.1,-0.012903218,334 days
2017-08-12,0.0,0.0,335 days
2017-08-13,0.0,0.0,336 days
2017-08-14,1282.3,-0.014157763,337 days
2017-08-15,1270.3,-0.01826744,338 days
2017-08-16,1272.75,-0.017335556,339 days
2017-08-17,1285.15,-0.01300712,340 days
2017-08-18,1295.8,-0.009377913,341 days
2017-08-19,0.0,0.0,342 days
2017-08-20,0.0,0.0,343 days
2017-08-21,1292.9,-0.010301902,344 days
2017-08-22,1284.2,-0.013162878,345 days
2017-08-23,1286.65,-0.012289667,346 days
2017-08-24,1289.0,-0.011459875,347 days
2017-08-25,1285.3,-0.012634924,348 days
2017-08-26,0.0,0.0,349 days
2017-08-27,0.0,0.0,350 days
2017-08-28,0.0,0.0,351 days
2017-08-29,1318.65,-0.001856867,352 days
2017-08-30,1308.5,-0.005042688,353 days
2017-08-31,1311.75,-0.003998399,354 days
2017-09-01,1320.4,-0.001293031,355 days
2017-09-02,0.0,0.0,356 days
2017-09-03,0.0,0.0,357 days
2017-09-04,1333.1,0.002581427,358 days
2017-09-05,1335.55,0.003306,359 days
2017-09-06,1337.85,0.003977485,360 days
2017-09-07,1343.5,0.005627093,361 days
2017-09-08,1346.25,0.006407057,362 days
2017-09-09,0.0,0.0,363 days
2017-09-10,0.0,0.0,364 days
2017-09-11,1334.2,0.002855291,365 days
2017-09-12,1326.5,0.000566135,366 days
2017-09-13,1327.55,0.000874858,367 days
2017-09-14,1324.55,-1.48e-05,368 days
2017-09-15,1322.85,-0.000516763,369 days
2017-09-16,0.0,0.0,370 days
2017-09-17,0.0,0.0,371 days
2017-09-18,1312.1,-0.003706898,372 days
2017-09-19,1309.6,-0.004439485,373 days
2017-09-20,1311.3,-0.003916062,374 days
2017-09-21,1292.1,-0.009674174,375 days
2017-09-22,1294.8,-0.008818063,376 days
2017-09-23,0.0,0.0,377 days
2017-09-24,0.0,0.0,378 days
2017-09-25,1293.3,-0.009237275,379 days
2017-09-26,1300.05,-0.007180185,380 days
2017-09-27,1282.55,-0.012419034,381 days
2017-09-28,1283.35,-0.024829244,382 days
2017-09-29,1283.1,-0.012159224,383 days
2017-09-30,0.0,0.0,384 days
2017-10-01,0.0,0.0,385 days
2017-10-02,1273.7,-0.01496716,386 days
2017-10-03,1271.25,-0.015659171,387 days
2017-10-04,1274.25,-0.01468901,388 days
2017-10-05,1274.5,-0.014559082,389 days
2017-10-06,1261.8,-0.018365377,390 days
2017-10-07,0.0,0.0,391 days
2017-10-08,0.0,0.0,392 days
2017-10-09,1278.75,0.002905954,393 days
2017-10-10,1291.4,-0.009417045,394 days
2017-10-11,1289.25,-0.010006948,395 days
2017-10-12,1290.25,-0.009681006,396 days
2017-10-13,1299.6,-0.006969815,397 days
2017-10-14,0.0,0.0,398 days
2017-10-15,0.0,0.0,399 days
2017-10-16,1303.3,-0.005900048,400 days
2017-10-17,1284.75,-0.011157449,401 days
2017-10-18,1280.2,-0.012430848,402 days
2017-10-19,1286.4,-0.010605449,403 days
2017-10-20,1281.2,-0.012054982,404 days
2017-10-21,0.0,0.0,405 days
2017-10-22,0.0,0.0,406 days
2017-10-23,1274.9,-0.013823925,407 days
2017-10-24,1276.45,-0.013329259,408 days
2017-10-25,1275.0,-0.013697866,409 days
2017-10-26,1273.75,-0.014007537,410 days
2017-10-27,1266.45,-0.016054458,411 days
2017-10-28,0.0,0.0,412 days
2017-10-29,0.0,0.0,413 days
2017-10-30,1272.0,-0.014408434,414 days
2017-10-31,1270.15,-0.014885061,415 days
2017-11-01,1277.05,-0.012883817,416 days
2017-11-02,1279.2,-0.012238252,417 days
2017-11-03,1267.2,-0.015565876,418 days
2017-11-04,0.0,0.0,419 days
2017-11-05,0.0,0.0,420 days
2017-11-06,1270.9,-0.014470392,421 days
2017-11-07,1275.6,-0.01311034,422 days
2017-11-08,1284.0,-0.010755085,423 days
2017-11-09,1284.8,-0.010500878,424 days
2017-11-10,1284.3,-0.010601003,425 days
2017-11-11,0.0,0.0,426 days
2017-11-12,0.0,0.0,427 days
2017-11-13,1277.95,-0.012290834,428 days
2017-11-14,1274.6,-0.01316376,429 days
2017-11-15,1282.2,-0.011059585,430 days
2017-11-16,1280.0,-0.011614584,431 days
2017-11-17,1284.35,-0.01041157,432 days
2017-11-18,0.0,0.0,433 days
2017-11-19,0.0,0.0,434 days
2017-11-20,1286.2,-0.00988589,435 days
2017-11-21,1283.3,-0.010621333,436 days
2017-11-22,1286.95,-0.009623426,437 days
2017-11-23,1290.35,-0.008702686,438 days
2017-11-24,1290.5,-0.008635244,439 days
2017-11-25,0.0,0.0,440 days
2017-11-26,0.0,0.0,441 days
2017-11-27,1294.9,-0.007471054,442 days
2017-11-28,1291.85,-0.008230923,443 days
2017-11-29,1283.85,-0.010271994,444 days
2017-11-30,1280.2,-0.011187769,445 days
2017-12-01,1275.5,-0.01237772,446 days
2017-12-02,0.0,0.0,447 days
2017-12-03,0.0,0.0,448 days
2017-12-04,1273.45,-0.012873872,449 days
2017-12-05,1266.3,-0.014709153,450 days
2017-12-06,1263.7,-0.015347709,451 days
2017-12-07,1255.0,-0.017605771,452 days
2017-12-08,1250.65,-0.01871179,453 days
2017-12-09,0.0,0.0,454 days
2017-12-10,0.0,0.0,455 days
2017-12-11,1247.15,-0.019590403,456 days
2017-12-12,1240.9,-0.021211016,457 days
2017-12-13,1242.65,-0.020673279,458 days
2017-12-14,1251.0,-0.018385292,459 days
2017-12-15,1254.6,-0.017381516,460 days
2017-12-16,0.0,0.0,461 days
2017-12-17,0.0,0.0,462 days
2017-12-18,1260.6,-0.015766914,463 days
2017-12-19,1260.35,-0.015782634,464 days
2017-12-20,1264.55,-0.014656558,465 days
2017-12-21,1264.55,-0.014611465,466 days
2017-12-22,,0.0,467 days
2017-12-23,0.0,0.0,468 days
2017-12-24,0.0,0.0,469 days
2017-12-25,0.0,0.0,470 days
2017-12-26,0.0,0.0,471 days
2017-12-27,1279.4,-0.010803993,472 days
2017-12-28,1291.0,-0.007934857,473 days
2017-12-29,,0.0,474 days
2017-12-30,0.0,0.0,475 days
2017-12-31,0.0,0.0,476 days
2018-01-01,0.0,0.0,477 days
2018-01-02,1312.05,-0.002898542,478 days
2018-01-03,1314.9,-0.002228703,479 days
2018-01-04,1314.5,-0.002314316,480 days
2018-01-05,1317.15,-0.001698548,481 days
2018-01-06,0.0,0.0,482 days
2018-01-07,0.0,0.0,483 days
2018-01-08,1319.95,-0.001054753,484 days
2018-01-09,1311.0,-0.003096644,485 days
2018-01-10,1319.75,-0.00109373,486 days
2018-01-11,1323.05,-0.000347638,487 days
2018-01-12,1326.8,0.000490563,488 days
2018-01-13,0.0,0.0,489 days
2018-01-14,0.0,0.0,490 days
2018-01-15,1339.25,0.00322683,491 days
2018-01-16,1333.85,0.002039644,492 days
2018-01-17,1335.65,0.002426136,493 days
2018-01-18,1332.2,0.001668089,494 days
2018-01-19,1334.95,0.002260376,495 days
2018-01-20,0.0,0.0,496 days
2018-01-21,0.0,0.0,497 days
2018-01-22,1332.6,0.001745146,498 days
2018-01-23,1333.4,0.001912951,499 days
2018-01-24,1353.7,0.006212898,500 days
2018-01-25,1354.95,0.006455146,501 days
2018-01-26,1353.15,0.006062911,502 days
2018-01-27,0.0,0.0,503 days
2018-01-28,0.0,0.0,504 days
2018-01-29,1343.85,0.004104444,505 days
2018-01-30,1344.9,0.004312588,506 days
2018-01-31,1345.05,0.004331602,507 days
2018-02-01,1341.35,0.003547567,508 days
2018-02-02,1331.15,0.001393929,509 days
2018-02-03,0.0,0.0,510 days
2018-02-04,0.0,0.0,511 days
2018-02-05,1333.6,0.001906397,512 days
2018-02-06,1331.4,0.001438711,513 days
2018-02-07,1324.65,1.06e-05,514 days
2018-02-08,1315.45,-0.001948404,515 days
2018-02-09,1314.1,-0.002231913,516 days
2018-02-10,0.0,0.0,517 days
2018-02-11,0.0,0.0,518 days
2018-02-12,1322.3,-0.00048451,519 days
2018-02-13,1325.35,0.00015719,520 days
2018-02-14,1336.25,0.00241508,521 days
2018-02-15,1352.45,0.00568847,522 days
2018-02-16,1352.1,0.005602951,523 days
2018-02-17,0.0,0.0,524 days
2018-02-18,0.0,0.0,525 days
2018-02-19,1346.6,0.004488304,526 days
2018-02-20,1339.85,0.003118321,527 days
2018-02-21,1330.5,0.001211596,528 days
2018-02-22,1328.35,0.000769225,529 days
2018-02-23,1327.95,0.000685514,530 days
2018-02-24,0.0,0.0,531 days
2018-02-25,0.0,0.0,532 days
2018-02-26,1333.5,0.00180872,533 days
2018-02-27,1325.75,0.000234449,534 days
2018-02-28,1317.85,-0.001380582,535 days
2018-03-01,1307.75,-0.003463634,536 days
2018-03-02,1322.3,-0.00046633,537 days
2018-03-03,0.0,0.0,538 days
2018-03-04,0.0,0.0,539 days
2018-03-05,1320.4,-0.0008505,540 days
2018-03-06,1331.4,0.001361974,541 days
2018-03-07,1329.4,0.000960283,542 days
2018-03-08,1321.0,-0.00072287,543 days
2018-03-09,1320.6,-0.000801302,544 days
2018-03-10,0.0,0.0,545 days
2018-03-11,0.0,0.0,546 days
2018-03-12,1319.15,-0.001090096,547 days
2018-03-13,1322.75,-0.000368059,548 days
2018-03-14,1323.55,-0.000208214,549 days
2018-03-15,1318.75,-0.001161267,550 days
2018-03-16,1310.1,-0.002889779,551 days
2018-03-17,0.0,0.0,552 days
2018-03-18,0.0,0.0,553 days
2018-03-19,1312.4,-0.002420818,554 days
2018-03-20,1311.0,-0.002694484,555 days
2018-03-21,1321.35,-0.000637203,556 days
2018-03-22,1329.15,0.000884566,557 days
2018-03-23,1346.6,0.004210679,558 days
2018-03-24,0.0,0.0,559 days
2018-03-25,0.0,0.0,560 days
2018-03-26,1352.4,0.005284331,561 days
2018-03-27,1341.45,0.003220785,562 days
2018-03-28,1332.45,0.001506752,563 days
2018-03-29,1323.85,-0.000144524,564 days
2018-03-30,0.0,0.0,565 days
2018-03-31,0.0,0.0,566 days
2018-04-01,0.0,0.0,567 days
2018-04-02,0.0,0.0,568 days
2018-04-03,1333.45,0.001688791,569 days
2018-04-04,1337.3,0.002410342,570 days
2018-04-05,1327.7,0.000591114,571 days
2018-04-06,1331.2,0.001252004,572 days
2018-04-07,0.0,0.0,573 days
2018-04-08,0.0,0.0,574 days
2018-04-09,1331.95,0.001389976,575 days
2018-04-10,1338.95,0.002692803,576 days
2018-04-11,1350.75,0.004852029,577 days
2018-04-12,1341.35,0.003121855,578 days
2018-04-13,1343.7,0.003544756,579 days
2018-04-14,0.0,0.0,580 days
2018-04-15,0.0,0.0,581 days
2018-04-16,1349.35,0.004562731,582 days
2018-04-17,1342.1,0.00323555,583 days
2018-04-18,1351.45,0.004917713,584 days
2018-04-19,1348.6,0.004394134,585 days
2018-04-20,1336.75,0.002238729,586 days
2018-04-21,0.0,0.0,587 days
2018-04-22,0.0,0.0,588 days
2018-04-23,1324.3,-5.57e-05,589 days
2018-04-24,1328.85,0.000783887,590 days
2018-04-25,1321.65,-0.000545736,591 days
2018-04-26,1320.7,-0.000720238,592 days
2018-04-27,1321.5,-0.000570753,593 days
2018-04-28,0.0,0.0,594 days
2018-04-29,0.0,0.0,595 days
2018-04-30,1313.2,-0.002107053,596 days
2018-05-01,1307.1,-0.00324174,597 days
2018-05-02,1304.2,-0.003778211,598 days
2018-05-03,1315.05,-0.001749895,599 days
2018-05-04,1309.4,-0.002790477,600 days
2018-05-05,0.0,0.0,601 days
2018-05-06,0.0,0.0,602 days
2018-05-07,0.0,0.0,603 days
2018-05-08,1306.6,-0.003303651,604 days
2018-05-09,1313.85,-0.001957432,605 days
2018-05-10,1318.8,-0.001049628,606 days
2018-05-11,1324.35,-4.49e-05,607 days
2018-05-12,0.0,0.0,608 days
2018-05-13,0.0,0.0,609 days
2018-05-14,1319.85,-0.000854846,610 days
2018-05-15,1295.0,-0.005416384,611 days
2018-05-16,1291.25,-0.006105833,612 days
2018-05-17,1289.5,-0.006419775,613 days
2018-05-18,1288.3,-0.0066298,614 days
2018-05-19,0.0,0.0,615 days
2018-05-20,0.0,0.0,616 days
2018-05-21,1288.35,-0.006604866,617 days
2018-05-22,1293.05,-0.005714208,618 days
2018-05-23,1289.0,-0.00645287,619 days
2018-05-24,1304.85,-0.003528167,620 days
2018-05-25,1303.5,-0.003764458,621 days
2018-05-26,0.0,0.0,622 days
2018-05-27,0.0,0.0,623 days
2018-05-28,0.0,0.0,624 days
2018-05-29,1295.5,-0.005211689,625 days
2018-05-30,1300.7,-0.00425341,626 days
2018-05-31,1305.35,-0.003405775,627 days
2018-06-01,1294.6,-0.005339448,628 days
2018-06-02,0.0,0.0,629 days
2018-06-03,0.0,0.0,630 days
2018-06-04,1295.45,-0.005172836,631 days
2018-06-05,1292.05,-0.005778105,632 days
2018-06-06,1300.1,-0.004312292,633 days
2018-06-07,1297.25,-0.004813482,634 days
2018-06-08,1298.25,-0.004623356,635 days
2018-06-09,0.0,0.0,636 days
2018-06-10,0.0,0.0,637 days
2018-06-11,1299.6,-0.004371974,638 days
2018-06-12,1298.65,-0.004531128,639 days
2018-06-13,1296.15,-0.004965976,640 days
2018-06-14,1302.75,-0.003786054,641 days
2018-06-15,1285.25,-0.00689564,642 days
2018-06-16,0.0,0.0,643 days
2018-06-17,0.0,0.0,644 days
2018-06-18,1281.55,-0.007548789,645 days
2018-06-19,1276.15,-0.008512501,646 days
2018-06-20,1274.2,-0.008848821,647 days
2018-06-21,1266.15,-0.010304365,648 days
2018-06-22,1269.15,-0.009730661,649 days
2018-06-23,0.0,0.0,650 days
2018-06-24,0.0,0.0,651 days
2018-06-25,1268.7,-0.009791305,652 days
2018-06-26,1260.3,-0.011312545,653 days
2018-06-27,1254.6,-0.012343957,654 days
2018-06-28,1251.55,-0.012884686,655 days
2018-06-29,1250.45,-0.013061378,656 days
2018-06-30,0.0,0.0,657 days
2018-07-01,0.0,0.0,658 days
2018-07-02,1247.8,-0.013527102,659 days
2018-07-03,1251.75,-0.012762829,660 days
2018-07-04,1255.65,-0.012015712,661 days
2018-07-05,1255.5,-0.012017,662 days
2018-07-06,1255.35,-0.012018282,663 days
2018-07-07,0.0,0.0,664 days
2018-07-08,0.0,0.0,665 days
2018-07-09,1262.05,-0.010774398,666 days
2018-07-10,1254.0,-0.012212546,667 days
2018-07-11,1251.4,-0.01266114,668 days
2018-07-12,1245.9,-0.013643023,669 days
2018-07-13,1241.7,-0.014388646,670 days
2018-07-14,0.0,0.0,671 days
2018-07-15,0.0,0.0,672 days
2018-07-16,1241.1,-0.014468599,673 days
2018-07-17,1232.8,-0.015979536,674 days
2018-07-18,1224.5,-0.017504842,675 days
2018-07-19,1217.55,-0.018786852,676 days
2018-07-20,1228.75,-0.016632431,677 days
2018-07-21,0.0,0.0,678 days
2018-07-22,0.0,0.0,679 days
2018-07-23,1224.95,-0.017308567,680 days
2018-07-24,1228.35,-0.016636341,681 days
2018-07-25,1231.5,-0.016016704,682 days
2018-07-26,1228.25,-0.016584557,683 days
2018-07-27,1223.95,-0.017348888,684 days
2018-07-28,0.0,0.0,685 days
2018-07-29,0.0,0.0,686 days
2018-07-30,1223.8,-0.017340293,687 days
2018-07-31,1220.95,-0.017834654,688 days
2018-08-01,1219.0,-0.018161089,689 days
2018-08-02,1215.45,-0.018787057,690 days
2018-08-03,1216.3,-0.018588835,691 days
2018-08-04,0.0,0.0,692 days
2018-08-05,0.0,0.0,693 days
2018-08-06,1209.65,-0.019797394,694 days
2018-08-07,1212.35,-0.019249227,695 days
2018-08-08,1209.55,-0.019734033,696 days
2018-08-09,1214.35,-0.018796952,697 days
2018-08-10,1214.4,-0.018748847,698 days
2018-08-11,0.0,0.0,699 days
2018-08-12,0.0,0.0,700 days
2018-08-13,1200.35,-0.021342567,701 days
2018-08-14,1197.0,-0.021934127,702 days
2018-08-15,1182.0,-0.024772692,703 days
2018-08-16,1180.4,-0.025033194,704 days
2018-08-17,1178.4,-0.025371478,705 days
2018-08-18,0.0,0.0,706 days
2018-08-19,0.0,0.0,707 days
2018-08-20,1184.35,-0.024167223,708 days
2018-08-21,1190.95,-0.022855667,709 days
2018-08-22,1196.65,-0.02173242,710 days
2018-08-23,1192.35,-0.02249805,711 days
2018-08-24,1197.7,-0.02144799,712 days
2018-08-25,0.0,0.0,713 days
2018-08-26,0.0,0.0,714 days
2018-08-27,0.0,0.0,715 days
2018-08-28,1212.25,-0.018723009,716 days
2018-08-29,1204.2,-0.020157947,717 days
2018-08-30,1197.3,-0.021392869,718 days
2018-08-31,1202.45,-0.020398454,719 days
2018-09-01,0.0,0.0,720 days
2018-09-02,0.0,0.0,721 days
2018-09-03,1200.05,-0.020799065,722 days
2018-09-04,1190.85,-0.022462947,723 days
2018-09-05,1196.7,-0.02133279,724 days
2018-09-06,1205.15,-0.019744279,725 days
2018-09-07,1198.9,-0.020844155,726 days
2018-09-08,0.0,0.0,727 days
2018-09-09,0.0,0.0,728 days
2018-09-10,1196.6,-0.021224159,729 days
2018-09-11,1189.85,-0.022425657,730 days
2018-09-12,1195.6,-0.021323245,731 days
2018-09-13,1209.8,-0.018716317,732 days
2018-09-14,1201.95,-0.020087108,733 days
2018-09-15,0.0,0.0,734 days
2018-09-16,0.0,0.0,735 days
2018-09-17,1201.9,-0.020056645,736 days
2018-09-18,1200.2,-0.020323404,737 days
2018-09-19,1203.3,-0.019727223,738 days
2018-09-20,1208.35,-0.018790145,739 days
2018-09-21,1198.7,-0.020473781,740 days
2018-09-22,0.0,0.0,741 days
2018-09-23,0.0,0.0,742 days
2018-09-24,1202.75,-0.019710022,743 days
2018-09-25,1201.9,-0.019822989,744 days
2018-09-26,1194.25,-0.021152714,745 days
2018-09-27,1185.4,-0.022713487,746 days
2018-09-28,1187.25,-0.022333502,747 days
2018-09-29,0.0,0.0,748 days
2018-09-30,0.0,0.0,749 days
2018-10-01,1189.35,-0.021910903,750 days
2018-10-02,1204.7,-0.019139777,751 days
2018-10-03,1201.2,-0.019717964,752 days
2018-10-04,1203.45,-0.019285239,753 days
2018-10-05,1203.8,-0.019187175,754 days
2018-10-06,0.0,0.0,755 days
2018-10-07,0.0,0.0,756 days
2018-10-08,1186.95,-0.02213158,757 days
2018-10-09,1185.55,-0.022340451,758 days
2018-10-10,1188.6,-0.021752921,759 days
2018-10-11,1205.55,-0.018738445,760 days
2018-10-12,1219.75,-0.016280344,761 days
2018-10-13,0.0,0.0,762 days
2018-10-14,0.0,0.0,763 days
2018-10-15,1229.95,-0.014547136,764 days
2018-10-16,1230.7,-0.014395858,765 days
2018-10-17,1229.05,-0.014640861,766 days
2018-10-18,1223.0,-0.015615495,767 days
2018-10-19,1227.85,-0.014783539,768 days
2018-10-20,0.0,0.0,769 days
2018-10-21,0.0,0.0,770 days
2018-10-22,1222.3,-0.015673157,771 days
2018-10-23,1235.95,-0.013406772,772 days
2018-10-24,1230.55,-0.014259193,773 days
2018-10-25,1230.8,-0.014191925,774 days
2018-10-26,1233.85,-0.013671053,775 days
2018-10-27,0.0,0.0,776 days
2018-10-28,0.0,0.0,777 days
2018-10-29,1230.8,-0.014139259,778 days
2018-10-30,1225.4,-0.014991326,779 days
2018-10-31,1214.95,-0.016682192,780 days
2018-11-01,1231.15,-0.014004549,781 days
2018-11-02,1232.1,-0.013825974,782 days
2018-11-03,0.0,0.0,783 days
2018-11-04,0.0,0.0,784 days
2018-11-05,1232.25,-0.013776506,785 days
2018-11-06,1231.6,-0.013855325,786 days
2018-11-07,1229.95,-0.014094205,787 days
2018-11-08,1224.15,-0.015001266,788 days
2018-11-09,1211.4,-0.017052115,789 days
2018-11-10,0.0,0.0,790 days
2018-11-11,0.0,0.0,791 days
2018-11-12,1205.55,-0.017987543,792 days
2018-11-13,1202.1,-0.018528183,793 days
2018-11-14,1203.25,-0.018303428,794 days
2018-11-15,1211.85,-0.016854997,795 days
2018-11-16,1222.4,-0.015118637,796 days
2018-11-17,0.0,0.0,797 days
2018-11-18,0.0,0.0,798 days
2018-11-19,1221.6,-0.015219425,799 days
2018-11-20,1223.0,-0.014968357,800 days
2018-11-21,1226.1,-0.014448926,801 days
2018-11-22,1227.05,-0.014272823,802 days
2018-11-23,1223.65,-0.014784783,803 days
2018-11-24,0.0,0.0,804 days
2018-11-25,0.0,0.0,805 days
2018-11-26,1223.4,-0.014797899,806 days
2018-11-27,1221.2,-0.015119783,807 days
2018-11-28,1213.25,-0.01635976,808 days
2018-11-29,1226.25,-0.014271152,809 days
2018-11-30,1217.55,-0.015616786,810 days
2018-12-01,0.0,0.0,811 days
2018-12-02,0.0,0.0,812 days
2018-12-03,1230.3,-0.013590059,813 days
2018-12-04,1240.3,-0.01202963,814 days
2018-12-05,1235.9,-0.012680129,815 days
2018-12-06,1242.55,-0.011646131,816 days
2018-12-07,1243.3,-0.011512412,817 days
2018-12-08,0.0,0.0,818 days
2018-12-09,0.0,0.0,819 days
2018-12-10,1245.35,-0.011183964,820 days
2018-12-11,1245.3,-0.011171832,821 days
2018-12-12,1245.75,-0.011084969,822 days
2018-12-13,1242.75,-0.011514337,823 days
2018-12-14,1235.35,-0.012608509,824 days
2018-12-15,0.0,0.0,825 days
2018-12-16,0.0,0.0,826 days
2018-12-17,1241.65,-0.011638721,827 days
2018-12-18,1246.3,-0.010926247,828 days
2018-12-19,1255.0,-0.009628153,829 days
2018-12-20,1259.75,-0.008921745,830 days
2018-12-21,1258.15,-0.009137657,831 days
2018-12-22,0.0,0.0,832 days
2018-12-23,0.0,0.0,833 days
2018-12-24,,0.0,834 days
2018-12-25,0.0,0.0,835 days
2018-12-26,0.0,0.0,836 days
2018-12-27,1268.0,-0.007696071,837 days
2018-12-28,1279.0,-0.006136468,838 days
2018-12-29,0.0,0.0,839 days
2018-12-30,0.0,0.0,840 days
2018-12-31,,0.0,841 days
2019-01-01,0.0,0.0,842 days
2019-01-02,1282.9,-0.005575382,843 days
2019-01-03,1290.45,-0.004531443,844 days
2019-01-04,1279.9,-0.00597002,845 days
2019-01-05,0.0,0.0,846 days
2019-01-06,0.0,0.0,847 days
2019-01-07,1292.2,-0.004278766,848 days
2019-01-08,1286.45,-0.005052004,849 days
2019-01-09,1288.6,-0.004751242,850 days
2019-01-10,1291.9,-0.004297378,851 days
2019-01-11,1288.95,-0.004687825,852 days
2019-01-12,0.0,0.0,853 days
2019-01-13,0.0,0.0,854 days
2019-01-14,1292.75,-0.004168765,855 days
2019-01-15,1294.4,-0.003941092,856 days
2019-01-16,1292.3,-0.004214874,857 days
2019-01-17,1290.7,-0.004421687,858 days
2019-01-18,1284.2,-0.005287277,859 days
2019-01-19,0.0,0.0,860 days
2019-01-20,0.0,0.0,861 days
2019-01-21,1279.55,-0.005907334,862 days
2019-01-22,1282.1,-0.005552553,863 days
2019-01-23,1279.8,-0.005853761,864 days
2019-01-24,1283.7,-0.005319039,865 days
2019-01-25,1293.9,-0.003954454,866 days
2019-01-26,0.0,0.0,867 days
2019-01-27,0.0,0.0,868 days
2019-01-28,1302.15,-0.002868673,869 days
2019-01-29,1307.55,-0.002166058,870 days
2019-01-30,1310.7,-0.001758711,871 days
2019-01-31,1323.25,-0.000168916,872 days
2019-02-01,1318.7,-0.000739516,873 days
2019-02-02,0.0,0.0,874 days
2019-02-03,0.0,0.0,875 days
2019-02-04,1312.15,-0.001565713,876 days
2019-02-05,1314.2,-0.001303721,877 days
2019-02-06,1312.4,-0.001528941,878 days
2019-02-07,1310.0,-0.001830055,879 days
2019-02-08,1314.85,-0.001215619,880 days
2019-02-09,0.0,0.0,881 days
2019-02-10,0.0,0.0,882 days
2019-02-11,1306.4,-0.002280105,883 days
2019-02-12,1310.0,-0.001821082,884 days
2019-02-13,1312.8,-0.001466299,885 days
2019-02-14,1311.45,-0.001633078,886 days
2019-02-15,1316.55,-0.000994227,887 days
2019-02-16,0.0,0.0,888 days
2019-02-17,0.0,0.0,889 days
2019-02-18,1325.5,0.000110223,890 days
2019-02-19,1334.15,0.001160155,891 days
2019-02-20,1343.75,0.002306009,892 days
2019-02-21,1331.25,0.000807002,893 days
2019-02-22,1329.05,0.000540047,894 days
2019-02-23,0.0,0.0,895 days
2019-02-24,0.0,0.0,896 days
2019-02-25,1331.05,0.000780324,897 days
2019-02-26,1325.05,5.46e-05,898 days
2019-02-27,1322.85,-0.000212345,899 days
2019-02-28,1319.15,-0.000662093,900 days
2019-03-01,1311.95,-0.001542742,901 days
2019-03-02,0.0,0.0,902 days
2019-03-03,0.0,0.0,903 days
2019-03-04,1285.4,-0.004871621,904 days
2019-03-05,1283.8,-0.00506868,905 days
2019-03-06,1285.85,-0.00479868,906 days
2019-03-07,1285.3,-0.004861139,907 days
2019-03-08,1296.75,-0.003409009,908 days
2019-03-09,0.0,0.0,909 days
2019-03-10,0.0,0.0,910 days
2019-03-11,1292.75,-0.003904506,911 days
2019-03-12,1297.05,-0.003360835,912 days
2019-03-13,1306.95,-0.002133454,913 days
2019-03-14,1295.55,-0.003536736,914 days
2019-03-15,1303.5,-0.002549162,915 days
2019-03-16,0.0,0.0,916 days
2019-03-17,0.0,0.0,917 days
2019-03-18,1305.6,-0.002288157,918 days
2019-03-19,1307.7,-0.002028796,919 days
2019-03-20,1303.7,-0.002512738,920 days
2019-03-21,1309.6,-0.001792469,921 days
2019-03-22,1311.3,-0.001584785,922 days
2019-03-23,0.0,0.0,923 days
2019-03-24,0.0,0.0,924 days
2019-03-25,1319.55,-0.000597046,925 days
2019-03-26,1316.3,-0.000982171,926 days
2019-03-27,1309.7,-0.001769304,927 days
2019-03-28,1295.15,-0.003530851,928 days
2019-03-29,1295.4,-0.003494775,929 days
2019-03-30,0.0,0.0,930 days
2019-03-31,0.0,0.0,931 days
2019-04-01,1293.5,-0.003721873,932 days
2019-04-02,1290.3,-0.004108643,933 days
2019-04-03,1290.45,-0.004083891,934 days
2019-04-04,1283.15,-0.004977399,935 days
2019-04-05,1288.45,-0.00431646,936 days
2019-04-06,0.0,0.0,937 days
2019-04-07,0.0,0.0,938 days
2019-04-08,1300.0,-0.002906769,939 days
2019-04-09,1303.0,-0.002542501,940 days
2019-04-10,1305.45,-0.002246442,941 days
2019-04-11,1298.8,-0.003037381,942 days
2019-04-12,1294.3,-0.003574094,943 days
2019-04-13,0.0,0.0,944 days
2019-04-14,0.0,0.0,945 days
2019-04-15,1285.65,-0.004618286,946 days
2019-04-16,1276.35,-0.005753891,947 days
2019-04-17,1275.85,-0.005806969,948 days
2019-04-18,1275.7,-0.005816675,949 days
2019-04-19,0.0,0.0,950 days
2019-04-20,0.0,0.0,951 days
2019-04-21,0.0,0.0,952 days
2019-04-22,0.0,0.0,953 days
2019-04-23,1269.5,-0.006576194,954 days
2019-04-24,1271.65,-0.006299361,955 days
2019-04-25,1280.8,-0.005165772,956 days
2019-04-26,1284.2,-0.004744994,957 days
2019-04-27,0.0,0.0,958 days
2019-04-28,0.0,0.0,959 days
2019-04-29,1279.5,-0.005308455,960 days
2019-04-30,1282.3,-0.00496054,961 days
2019-05-01,1283.8,-0.004771871,962 days
2019-05-02,1270.95,-0.006328708,963 days
2019-05-03,1278.55,-0.005391828,964 days
2019-05-04,0.0,0.0,965 days
2019-05-05,0.0,0.0,966 days
2019-05-06,0.0,0.0,967 days
2019-05-07,1281.2,-0.005063456,968 days
2019-05-08,1285.2,-0.00457563,969 days
2019-05-09,1286.1,-0.004461317,970 days
2019-05-10,1287.1,-0.004335599,971 days
2019-05-11,0.0,0.0,972 days
2019-05-12,0.0,0.0,973 days
2019-05-13,1295.6,-0.003325916,974 days
2019-05-14,1298.4,-0.002993872,975 days
2019-05-15,1299.1,-0.002907991,976 days
2019-05-16,1291.7,-0.003767792,977 days
2019-05-17,1280.8,-0.00505131,978 days
2019-05-18,0.0,0.0,979 days
2019-05-19,0.0,0.0,980 days
2019-05-20,1276.85,-0.005515739,981 days
2019-05-21,1271.15,-0.006192716,982 days
2019-05-22,1273.8,-0.005864797,983 days
2019-05-23,1283.65,-0.004684471,984 days
2019-05-24,1282.5,-0.004813269,985 days
2019-05-25,0.0,0.0,986 days
2019-05-26,0.0,0.0,987 days
2019-05-27,0.0,0.0,988 days
2019-05-28,1278.3,-0.005303075,989 days
2019-05-29,1281.65,-0.004899343,990 days
2019-05-30,1280.95,-0.004974634,991 days
2019-05-31,1295.55,-0.00326865,992 days
2019-06-01,0.0,0.0,993 days
2019-06-02,0.0,0.0,994 days
2019-06-03,1317.1,-0.000117444,995 days
2019-06-04,1324.25,0.000208908,996 days
2019-06-05,1335.05,0.001525735,997 days
2019-06-06,1335.5,0.001197529,998 days
2019-06-07,1340.65,0.001917044,999 days
2019-06-08,0.0,0.0,1000 days
2019-06-09,0.0,0.0,1001 days
2019-06-10,1328.6,1.55e-05,1002 days
2019-06-11,1324.3,-0.000192865,1003 days
2019-06-12,1332.35,0.001118148,1004 days
2019-06-13,1335.9,0.001343278,1005 days
2019-06-14,1351.25,0.003411598,1006 days
2019-06-15,0.0,0.0,1007 days
2019-06-16,0.0,0.0,1008 days
2019-06-17,1341.3,0.00146113,1009 days
2019-06-18,1341.35,0.001789,1010 days
2019-06-19,1344.05,0.0021566,1011 days
2019-06-20,1379.5,0.006922177,1012 days
2019-06-21,1397.15,0.008265541,1013 days
2019-06-22,0.0,0.0,1014 days
2019-06-23,0.0,0.0,1015 days
2019-06-24,1405.7,0.008644692,1016 days
2019-06-25,1431.4,0.012089081,1017 days
2019-06-26,1403.95,0.006985032,1018 days
2019-06-27,1402.5,0.007819012,1019 days
2019-06-28,1409.0,0.008712273,1020 days
2019-06-29,0.0,0.0,1021 days
2019-06-30,0.0,0.0,1022 days
2019-07-01,1390.1,0.006001333,1023 days
2019-07-02,1391.05,0.006774009,1024 days
2019-07-03,1413.5,0.009621767,1025 days
2019-07-04,1414.9,0.009028982,1026 days
2019-07-05,1388.65,0.005601532,1027 days
2019-07-06,0.0,0.0,1028 days
2019-07-07,0.0,0.0,1029 days
2019-07-08,1400.1,0.007856365,1030 days
2019-07-09,1391.55,0.006747799,1031 days
2019-07-10,1408.3,0.008323992,1032 days
2019-07-11,1413.75,0.008819475,1033 days
2019-07-12,1407.6,0.008235423,1034 days
2019-07-13,0.0,0.0,1035 days
2019-07-14,0.0,0.0,1036 days
2019-07-15,1412.4,0.008669972,1037 days
2019-07-16,1409.85,0.008421646,1038 days
2019-07-17,1410.35,0.008456255,1039 days
2019-07-18,1417.45,0.00909791,1040 days
2019-07-19,1439.7,0.011088382,1041 days
2019-07-20,0.0,0.0,1042 days
2019-07-21,0.0,0.0,1043 days
2019-07-22,1427.75,0.010006444,1044 days
2019-07-23,1425.55,0.009794571,1045 days
2019-07-24,1426.95,0.009906964,1046 days
2019-07-25,1416.1,0.008912279,1047 days
2019-07-26,1420.4,0.009290052,1048 days
2019-07-27,0.0,0.0,1049 days
2019-07-28,0.0,0.0,1050 days
2019-07-29,1419.05,0.009155245,1051 days
2019-07-30,1425.9,0.009758631,1052 days
2019-07-31,1427.55,0.009892528,1053 days
2019-08-01,1406.8,0.008004174,1054 days
2019-08-02,1441.75,0.011115651,1055 days
2019-08-03,0.0,0.0,1056 days
2019-08-04,0.0,0.0,1057 days
2019-08-05,1465.25,0.01311345,1058 days
2019-08-06,1465.25,0.013095559,1059 days
2019-08-07,1506.05,0.016414274,1060 days
2019-08-08,1495.75,0.015567923,1061 days
2019-08-09,1497.7,0.015703431,1062 days
2019-08-10,0.0,0.0,1063 days
2019-08-11,0.0,0.0,1064 days
2019-08-12,1504.7,0.01624038,1065 days
2019-08-13,1498.4,0.015716853,1066 days
2019-08-14,1513.25,0.016869482,1067 days
2019-08-15,1515.65,0.017033991,1068 days
2019-08-16,1515.25,0.016979871,1069 days
2019-08-17,0.0,0.0,1070 days
2019-08-18,0.0,0.0,1071 days
2019-08-19,1496.6,0.015488841,1072 days
2019-08-20,1504.55,0.016097426,1073 days
2019-08-21,1503.25,0.015973458,1074 days
2019-08-22,1502.05,0.015857521,1075 days
2019-08-23,1503.8,0.015973833,1076 days
2019-08-24,0.0,0.0,1077 days
2019-08-25,0.0,0.0,1078 days
2019-08-26,0.0,0.0,1079 days
2019-08-27,1532.95,0.018194702,1080 days
2019-08-28,1537.15,0.018486011,1081 days
2019-08-29,1540.2,0.018689164,1082 days
2019-08-30,1528.4,0.01777894,1083 days
2019-08-31,0.0,0.0,1084 days
2019-09-01,0.0,0.0,1085 days
2019-09-02,1525.95,0.017569985,1086 days
2019-09-03,1537.85,0.018439849,1087 days
2019-09-04,1546.1,0.019025724,1088 days
2019-09-05,1529.1,0.017737245,1089 days
2019-09-06,1523.7,0.017307119,1090 days
2019-09-07,0.0,0.0,1091 days
2019-09-08,0.0,0.0,1092 days
2019-09-09,1509.2,0.016179419,1093 days
2019-09-10,1498.25,0.015310684,1094 days
2019-09-11,1490.65,0.014695825,1095 days
2019-09-12,1515.2,0.016573376,1096 days
2019-09-13,1503.1,0.015625607,1097 days
2019-09-14,0.0,0.0,1098 days
2019-09-15,0.0,0.0,1099 days
2019-09-16,1497.2,0.015148732,1100 days
2019-09-17,1502.1,0.015507594,1101 days
2019-09-18,1503.5,0.015594891,1102 days
2019-09-19,1500.7,0.015359328,1103 days
2019-09-20,1501.9,0.015431434,1104 days
2019-09-21,0.0,0.0,1105 days
2019-09-22,0.0,0.0,1106 days
2019-09-23,1522.1,0.01693928,1107 days
2019-09-24,1520.65,0.016809015,1108 days
2019-09-25,1528.75,0.017388083,1109 days
2019-09-26,1506.4,0.015693766,1110 days
2019-09-27,1489.9,0.014408707,1111 days
2019-09-28,0.0,0.0,1112 days
2019-09-29,0.0,0.0,1113 days
2019-09-30,1485.3,0.014032894,1114 days
2019-10-01,1473.45,0.013085669,1115 days
2019-10-02,1492.6,0.014560833,1116 days
2019-10-03,1517.1,0.016393646,1117 days
2019-10-04,1499.15,0.015023568,1118 days
2019-10-05,0.0,0.0,1119 days
2019-10-06,0.0,0.0,1120 days
2019-10-07,1501.25,0.015163478,1121 days
2019-10-08,1505.85,0.015490852,1122 days
2019-10-09,1507.25,0.015575954,1123 days
2019-10-10,1494.8,0.014616356,1124 days
2019-10-11,1479.15,0.013395599,1125 days
2019-10-12,0.0,0.0,1126 days
2019-10-13,0.0,0.0,1127 days
2019-10-14,1490.6,0.014259224,1128 days
2019-10-15,1487.8,0.014027133,1129 days
2019-10-16,1485.1,0.01380249,1130 days
2019-10-17,1492.65,0.014360332,1131 days
2019-10-18,1490.0,0.014140978,1132 days
2019-10-19,0.0,0.0,1133 days
2019-10-20,0.0,0.0,1134 days
2019-10-21,1491.65,0.014248103,1135 days
2019-10-22,1485.35,0.013751417,1136 days
2019-10-23,1494.45,0.014423077,1137 days
2019-10-24,1496.55,0.014562439,1138 days
2019-10-25,1513.45,0.015795076,1139 days
2019-10-26,0.0,0.0,1140 days
2019-10-27,0.0,0.0,1141 days
2019-10-28,1492.4,0.014214453,1142 days
2019-10-29,1486.75,0.013770626,1143 days
2019-10-30,1492.1,0.014156101,1144 days
2019-10-31,1510.95,0.015533122,1145 days
2019-11-01,1508.8,0.015356456,1146 days
2019-11-02,0.0,0.0,1147 days
2019-11-03,0.0,0.0,1148 days
2019-11-04,1509.45,0.015384648,1149 days
2019-11-05,1488.95,0.013849412,1150 days
2019-11-06,1486.05,0.013614501,1151 days
2019-11-07,1484.25,0.013462172,1152 days
2019-11-08,1464.15,0.011913909,1153 days
2019-11-09,0.0,0.0,1154 days
2019-11-10,0.0,0.0,1155 days
2019-11-11,1458.7,0.011477049,1156 days
2019-11-12,1452.05,0.010944195,1157 days
2019-11-13,1462.9,0.011773137,1158 days
2019-11-14,1466.65,0.012046447,1159 days
2019-11-15,1466.9,0.012050595,1160 days
2019-11-16,0.0,0.0,1161 days
2019-11-17,0.0,0.0,1162 days
2019-11-18,1467.65,0.012092899,1163 days
2019-11-19,1468.45,0.012138842,1164 days
2019-11-20,1471.7,0.012370354,1165 days
2019-11-21,1467.05,0.01200242,1166 days
2019-11-22,1464.45,0.011789704,1167 days
2019-11-23,0.0,0.0,1168 days
2019-11-24,0.0,0.0,1169 days
2019-11-25,1458.4,0.0113125,1170 days
2019-11-26,1454.65,0.011010221,1171 days
2019-11-27,1454.35,0.010973574,1172 days
2019-11-28,1454.65,0.010983162,1173 days
2019-11-29,1460.15,0.011390542,1174 days
2019-11-30,0.0,0.0,1175 days
2019-12-01,0.0,0.0,1176 days
2019-12-02,1461.15,0.011452669,1177 days
2019-12-03,1477.3,0.012651684,1178 days
2019-12-04,1475.1,0.012472735,1179 days
2019-12-05,1475.95,0.012520648,1180 days
2019-12-06,1459.65,0.011283199,1181 days
2019-12-07,0.0,0.0,1182 days
2019-12-08,0.0,0.0,1183 days
2019-12-09,1461.7,0.011424472,1184 days
2019-12-10,1464.95,0.011655154,1185 days
2019-12-11,1466.8,0.011779554,1186 days
2019-12-12,1467.8,0.011839926,1187 days
2019-12-13,1466.6,0.011736068,1188 days
2019-12-14,0.0,0.0,1189 days
2019-12-15,0.0,0.0,1190 days
2019-12-16,1477.9,0.012557906,1191 days
2019-12-17,1475.8,0.012388501,1192 days
2019-12-18,1474.05,0.012244848,1193 days
2019-12-19,1476.7,0.012424595,1194 days
2019-12-20,1479.0,0.0125777,1195 days
2019-12-21,0.0,0.0,1196 days
2019-12-22,0.0,0.0,1197 days
2019-12-23,1482.1,0.012787982,1198 days
2019-12-24,,0.0,1199 days
2019-12-25,0.0,0.0,1200 days
2019-12-26,0.0,0.0,1201 days
2019-12-27,1511.5,0.014844176,1202 days
2019-12-28,0.0,0.0,1203 days
2019-12-29,0.0,0.0,1204 days
2019-12-30,1514.75,0.015051828,1205 days
2019-12-31,,0.0,1206 days
2020-01-01,0.0,0.0,1207 days
2020-01-02,1527.1,0.01586175,1208 days
2020-01-03,1548.75,0.017291472,1209 days
2020-01-04,0.0,0.0,1210 days
2020-01-05,0.0,0.0,1211 days
2020-01-06,1573.1,0.018850641,1212 days
2020-01-07,1567.85,0.018492107,1213 days
2020-01-08,1571.95,0.018732421,1214 days
2020-01-09,1550.75,0.017340384,1215 days
2020-01-10,1553.6,0.01750589,1216 days
2020-01-11,0.0,0.0,1217 days
2020-01-12,0.0,0.0,1218 days
2020-01-13,1549.9,0.017243682,1219 days
2020-01-14,1545.1,0.016908672,1220 days
2020-01-15,1549.0,0.017144107,1221 days
2020-01-16,1554.55,0.017484706,1222 days
2020-01-17,1557.6,0.017661049,1223 days
2020-01-18,0.0,0.0,1224 days
2020-01-19,0.0,0.0,1225 days
2020-01-20,1560.15,0.01780414,1226 days
2020-01-21,1551.3,0.01721266,1227 days
2020-01-22,1556.9,0.017553742,1228 days
2020-01-23,1562.9,0.017916917,1229 days
2020-01-24,1564.3,0.017984913,1230 days
2020-01-25,0.0,0.0,1231 days
2020-01-26,0.0,0.0,1232 days
2020-01-27,1580.1,0.018956458,1233 days
2020-01-28,1574.0,0.018553844,1234 days
2020-01-29,1573.45,0.018497732,1235 days
2020-01-30,1578.25,0.018775237,1236 days
2020-01-31,1584.2,0.019121147,1237 days
2020-02-01,0.0,0.0,1238 days
2020-02-02,0.0,0.0,1239 days
2020-02-03,1574.75,0.018514063,1240 days
2020-02-04,1558.35,0.017461977,1241 days
2020-02-05,1553.3,0.017120343,1242 days
2020-02-06,1563.3,0.017734006,1243 days
2020-02-07,1572.65,0.018297841,1244 days
2020-02-08,0.0,0.0,1245 days
2020-02-09,0.0,0.0,1246 days
2020-02-10,1573.2,0.018310754,1247 days
2020-02-11,1570.5,0.018122031,1248 days
2020-02-12,1563.7,0.017677059,1249 days
2020-02-13,1575.05,0.01836153,1250 days
2020-02-14,1581.4,0.018729842,1251 days
2020-02-15,0.0,0.0,1252 days
2020-02-16,0.0,0.0,1253 days
2020-02-17,1580.8,0.01867164,1254 days
2020-02-18,1589.85,0.019199033,1255 days
2020-02-19,1604.2,0.020033619,1256 days
2020-02-20,1619.0,0.020877226,1257 days
2020-02-21,1643.3,0.022240716,1258 days
2020-02-22,0.0,0.0,1259 days
2020-02-23,0.0,0.0,1260 days
2020-02-24,1671.65,0.022466062,1261 days
2020-02-25,1650.3,0.022581016,1262 days
2020-02-26,1634.9,0.021385115,1263 days
2020-02-27,1652.0,0.022623746,1264 days
2020-02-28,1609.85,0.020204149,1265 days
2020-02-29,0.0,0.0,1266 days
2020-03-01,0.0,0.0,1267 days
2020-03-02,1599.65,0.019583585,1268 days
2020-03-03,1615.5,0.020485564,1269 days
2020-03-04,1641.85,0.019606111,1270 days
2020-03-05,1659.6,0.023607375,1271 days
2020-03-06,1683.65,-0.003957274,1272 days
2020-03-07,0.0,0.0,1273 days
2020-03-08,0.0,0.0,1274 days
2020-03-09,1672.5,0.012447282,1275 days
2020-03-10,1655.7,0.021908724,1276 days
2020-03-11,1653.75,0.023267414,1277 days
2020-03-12,1570.7,0.015471487,1278 days
2020-03-13,1562.8,0.016944813,1279 days
2020-03-14,0.0,0.0,1280 days
2020-03-15,0.0,0.0,1281 days
2020-03-16,1487.7,0.063161263,1282 days
2020-03-17,1536.2,0.049278798,1283 days
2020-03-18,1498.2,-0.012828211,1284 days
2020-03-19,1474.25,-0.010570719,1285 days
2020-03-20,1494.4,0.012738137,1286 days
2020-03-21,0.0,0.0,1287 days
2020-03-22,0.0,0.0,1288 days
2020-03-23,1525.4,0.023036859,1289 days
2020-03-24,1605.75,0.074807226,1290 days
2020-03-25,1605.45,-0.159271475,1291 days
2020-03-26,1634.8,0.036983266,1292 days
2020-03-27,1617.3,-0.060161985,1293 days
2020-03-28,0.0,0.0,1294 days
2020-03-29,0.0,0.0,1295 days
2020-03-30,1618.3,-0.03371384,1296 days
2020-03-31,1608.95,-0.019479681,1297 days
2020-04-01,1576.55,-0.00948328,1298 days
2020-04-02,1616.8,0.363254871,1299 days
2020-04-03,1613.1,0.216288612,1300 days
2020-04-04,0.0,0.0,1301 days
2020-04-05,0.0,0.0,1302 days
2020-04-06,1648.3,0.03562247,1303 days
2020-04-07,1649.25,-0.265959445,1304 days
2020-04-08,1647.8,-0.273743253,1305 days
2020-04-09,1680.65,0.064814398,1306 days
2020-04-10,0.0,0.0,1307 days
2020-04-11,0.0,0.0,1308 days
2020-04-12,0.0,0.0,1309 days
2020-04-13,0.0,0.0,1310 days
2020-04-14,1741.9,0.074761121,1311 days
2020-04-15,1718.65,0.004230933,1312 days
2020-04-16,1729.5,0.028381109,1313 days
2020-04-17,1692.55,0.119275592,1314 days
2020-04-18,0.0,0.0,1315 days
2020-04-19,0.0,0.0,1316 days
2020-04-20,1686.2,0.348487129,1317 days
2020-04-21,1682.05,0.477708748,1318 days
2020-04-22,1710.55,0.313014811,1319 days
2020-04-23,1736.25,0.087669261,1320 days
2020-04-24,1715.9,0.005814439,1321 days
2020-04-25,0.0,0.0,1322 days
2020-04-26,0.0,0.0,1323 days
2020-04-27,1714.95,0.04091926,1324 days
2020-04-28,1691.55,-0.009328534,1325 days
2020-04-29,1703.35,0.034221995,1326 days
2020-04-30,1702.75,0.019662233,1327 days
2020-05-01,1686.25,0.023073915,1328 days
2020-05-02,0.0,0.0,1329 days
2020-05-03,0.0,0.0,1330 days
2020-05-04,1709.1,0.034501837,1331 days
2020-05-05,1699.55,0.013212987,1332 days
2020-05-06,1691.5,0.024493208,1333 days
2020-05-07,1704.05,0.034238595,1334 days
2020-05-08,0.0,0.0,1335 days
2020-05-09,0.0,0.0,1336 days
2020-05-10,0.0,0.0,1337 days
2020-05-11,1702.75,0.015218992,1338 days
2020-05-12,1702.4,0.02272063,1339 days
2020-05-13,1708.4,0.021715879,1340 days
2020-05-14,1731.6,-0.027365242,1341 days
2020-05-15,1735.35,-0.034987464,1342 days
2020-05-16,0.0,0.0,1343 days
2020-05-17,0.0,0.0,1344 days
2020-05-18,1734.7,-0.031274605,1345 days
2020-05-19,1737.95,-0.006085156,1346 days
2020-05-20,1748.3,0.022801056,1347 days
2020-05-21,1724.9,0.095958306,1348 days
2020-05-22,1733.55,0.130650752,1349 days
2020-05-23,0.0,0.0,1350 days
2020-05-24,0.0,0.0,1351 days
2020-05-25,0.0,0.0,1352 days
2020-05-26,1720.25,0.117334401,1353 days
2020-05-27,1694.6,0.144739528,1354 days
2020-05-28,1717.35,0.108489234,1355 days
2020-05-29,1728.7,0.00626104,1356 days
2020-05-30,0.0,0.0,1357 days
2020-05-31,0.0,0.0,1358 days
2020-06-01,1730.6,-0.051554463,1359 days
2020-06-02,1742.15,-0.106475304,1360 days
2020-06-03,1705.35,0.044827962,1361 days
2020-06-04,1700.05,0.094137725,1362 days
2020-06-05,1683.45,0.109167352,1363 days
2020-06-06,0.0,0.0,1364 days
2020-06-07,0.0,0.0,1365 days
2020-06-08,1690.35,0.07665621,1366 days
2020-06-09,1713.5,0.028010353,1367 days
2020-06-10,1722.05,-0.028343312,1368 days
2020-06-11,1738.25,-0.037474958,1369 days
2020-06-12,1733.5,-0.012785267,1370 days
2020-06-13,0.0,0.0,1371 days
2020-06-14,0.0,0.0,1372 days
2020-06-15,1710.45,0.037748295,1373 days
2020-06-16,1719.85,0.048112132,1374 days
2020-06-17,1724.35,0.021725279,1375 days
2020-06-18,1719.5,0.021160327,1376 days
2020-06-19,1734.75,0.008664707,1377 days
2020-06-20,0.0,0.0,1378 days
2020-06-21,0.0,0.0,1379 days
2020-06-22,1761.85,-0.052796545,1380 days
2020-06-23,1768.9,-0.070304124,1381 days
2020-06-24,1766.05,-0.040853826,1382 days
2020-06-25,1756.55,0.014469642,1383 days
2020-06-26,1747.6,0.041282894,1384 days
2020-06-27,0.0,0.0,1385 days
2020-06-28,0.0,0.0,1386 days
2020-06-29,1771.6,0.009250909,1387 days
2020-06-30,1768.1,-0.008783793,1388 days
2020-07-01,1771.05,-0.015756879,1389 days
2020-07-02,1777.45,0.003908991,1390 days
2020-07-03,1772.9,-0.021735437,1391 days
2020-07-04,0.0,0.0,1392 days
2020-07-05,0.0,0.0,1393 days
2020-07-06,1787.9,-0.021907603,1394 days
2020-07-07,1789.55,-0.015389819,1395 days
2020-07-08,1811.1,-0.047843875,1396 days
2020-07-09,1812.1,-0.033026132,1397 days
2020-07-10,1803.1,-0.000991721,1398 days
2020-07-11,0.0,0.0,1399 days
2020-07-12,0.0,0.0,1400 days
2020-07-13,1807.5,0.015484776,1401 days
2020-07-14,1801.9,0.018030708,1402 days
2020-07-15,1804.6,0.029908074,1403 days
2020-07-16,1807.7,0.018174606,1404 days
2020-07-17,1807.35,0.024567672,1405 days
2020-07-18,0.0,0.0,1406 days
2020-07-19,0.0,0.0,1407 days
2020-07-20,1815.65,-0.005690378,1408 days
2020-07-21,1842.55,-0.045832075,1409 days
2020-07-22,1852.4,-0.091967324,1410 days
2020-07-23,1878.3,-0.123092761,1411 days
2020-07-24,1902.1,-0.144245696,1412 days
2020-07-25,0.0,0.0,1413 days
2020-07-26,0.0,0.0,1414 days
2020-07-27,1936.65,-0.143021534,1415 days
2020-07-28,1940.9,-0.109131046,1416 days
2020-07-29,1950.9,-0.057916914,1417 days
2020-07-30,1957.65,-0.009357219,1418 days
2020-07-31,1964.9,0.034983509,1419 days
2020-08-01,0.0,0.0,1420 days
2020-08-02,0.0,0.0,1421 days
2020-08-03,1958.55,0.059901193,1422 days
2020-08-04,1977.9,0.066022723,1423 days
2020-08-05,2048.15,0.026938825,1424 days
2020-08-06,2067.15,-0.078773356,1425 days
2020-08-07,2031.15,-0.139179564,1426 days
2020-08-08,0.0,0.0,1427 days
2020-08-09,0.0,0.0,1428 days
2020-08-10,2044.5,-0.120146047,1429 days
2020-08-11,1939.65,0.05818252,1430 days
2020-08-12,1931.9,0.199033161,1431 days
2020-08-13,1944.25,0.148257248,1432 days
2020-08-14,1944.75,0.031479819,1433 days
2020-08-15,0.0,0.0,1434 days
2020-08-16,0.0,0.0,1435 days
2020-08-17,1972.85,0.005754929,1436 days
2020-08-18,2008.75,-0.149982246,1437 days
2020-08-19,1981.0,0.069336508,1438 days
2020-08-20,1927.15,0.116388794,1439 days
2020-08-21,1924.35,0.047827261,1440 days
2020-08-22,0.0,0.0,1441 days
2020-08-23,0.0,0.0,1442 days
2020-08-24,1943.95,-0.126672824,1443 days
2020-08-25,1911.15,-0.068695374,1444 days
2020-08-26,1932.95,-0.018510569,1445 days
2020-08-27,1923.85,0.070159216,1446 days
2020-08-28,1957.35,0.013893376,1447 days
2020-08-29,0.0,0.0,1448 days
2020-08-30,0.0,0.0,1449 days
2020-08-31,0.0,0.0,1450 days
2020-09-01,1972.35,-0.03202761,1451 days
2020-09-02,1947.05,-0.006924644,1452 days
2020-09-03,1940.45,0.036579508,1453 days
2020-09-04,1926.3,0.051207986,1454 days
2020-09-05,0.0,0.0,1455 days
2020-09-06,0.0,0.0,1456 days
2020-09-07,1928.45,0.015232441,1457 days
2020-09-08,1910.95,-0.001655648,1458 days
2020-09-09,1947.2,-0.047086241,1459 days
2020-09-10,1966.25,-0.056118331,1460 days
2020-09-11,1947.4,-0.012290701,1461 days
2020-09-12,0.0,0.0,1462 days
2020-09-13,0.0,0.0,1463 days
2020-09-14,1958.7,0.034020294,1464 days
2020-09-15,1949.35,0.014597069,1465 days
2020-09-16,1961.8,0.002061893,1466 days
2020-09-17,1936.25,0.006651251,1467 days
2020-09-18,1950.85,0.004217328,1468 days
2020-09-19,0.0,0.0,1469 days
2020-09-20,0.0,0.0,1470 days
2020-09-21,1909.35,0.055093691,1471 days
2020-09-22,1906.0,0.107964902,1472 days
2020-09-23,1873.4,0.14951377,1473 days
2020-09-24,1861.75,0.129528013,1474 days
2020-09-25,1859.7,0.115704979,1475 days
2020-09-26,0.0,0.0,1476 days
2020-09-27,0.0,0.0,1477 days
2020-09-28,1864.3,0.052728924,1478 days
2020-09-29,1883.95,0.015092236,1479 days
2020-09-30,1886.9,-0.013720274,1480 days
2020-10-01,1902.0,-0.015745657,1481 days
2020-10-02,1903.05,-0.01268019,1482 days
2020-10-03,0.0,0.0,1483 days
2020-10-04,0.0,0.0,1484 days
2020-10-05,1909.6,-0.004107487,1485 days
2020-10-06,1913.4,0.00247966,1486 days
2020-10-07,1884.5,0.060942664,1487 days
2020-10-08,1887.45,0.079280984,1488 days
2020-10-09,1923.25,-0.007965132,1489 days
2020-10-10,0.0,0.0,1490 days
2020-10-11,0.0,0.0,1491 days
2020-10-12,1925.5,-0.03846482,1492 days
2020-10-13,1891.3,0.055371936,1493 days
2020-10-14,1910.05,0.052280264,1494 days
2020-10-15,1891.9,0.055469677,1495 days
2020-10-16,1905.05,0.032957375,1496 days
2020-10-17,0.0,0.0,1497 days
2020-10-18,0.0,0.0,1498 days
2020-10-19,1905.6,0.029712646,1499 days
2020-10-20,1898.4,0.02933056,1500 days
2020-10-21,1924.15,0.007701666,1501 days
2020-10-22,1900.95,0.022522122,1502 days
2020-10-23,1903.65,0.049790348,1503 days
2020-10-24,0.0,0.0,1504 days
2020-10-25,0.0,0.0,1505 days
2020-10-26,1898.45,0.054182771,1506 days
2020-10-27,1905.7,0.027631135,1507 days
2020-10-28,1869.95,0.091326263,1508 days
2020-10-29,1870.3,0.094636577,1509 days
2020-10-30,1881.85,0.056715358,1510 days
2020-10-31,0.0,0.0,1511 days
2020-11-01,0.0,0.0,1512 days
2020-11-02,1889.9,0.003688676,1513 days
2020-11-03,1908.3,-0.01372783,1514 days
2020-11-04,1900.15,-0.004236538,1515 days
2020-11-05,1938.45,-0.039152539,1516 days
2020-11-06,1940.8,-0.050593474,1517 days
2020-11-07,0.0,0.0,1518 days
2020-11-08,0.0,0.0,1519 days
2020-11-09,1867.3,0.114224438,1520 days
2020-11-10,1878.7,0.144842648,1521 days
2020-11-11,1860.95,0.115790184,1522 days
2020-11-12,1874.85,0.052694669,1523 days
2020-11-13,1890.9,0.015033378,1524 days
2020-11-14,0.0,0.0,1525 days
2020-11-15,0.0,0.0,1526 days
2020-11-16,1885.6,-0.003417029,1527 days
2020-11-17,1889.05,0.027466128,1528 days
2020-11-18,1876.1,0.043007259,1529 days
2020-11-19,1857.35,0.090492805,1530 days
2020-11-20,1875.7,0.047818685,1531 days
2020-11-21,0.0,0.0,1532 days
2020-11-22,0.0,0.0,1533 days
2020-11-23,1840.2,0.085804051,1534 days
2020-11-24,1799.6,0.16868438,1535 days
2020-11-25,1810.2,0.142758054,1536 days
2020-11-26,1807.4,0.072699566,1537 days
2020-11-27,1779.3,0.102915641,1538 days
2020-11-28,0.0,0.0,1539 days
2020-11-29,0.0,0.0,1540 days
2020-11-30,1762.55,0.126751677,1541 days
2020-12-01,1810.75,0.021766762,1542 days
2020-12-02,1822.6,-0.047792435,1543 days
2020-12-03,1832.35,-0.051949199,1544 days
2020-12-04,1843.0,-0.034036383,1545 days
2020-12-05,0.0,0.0,1546 days
2020-12-06,0.0,0.0,1547 days
2020-12-07,1859.95,-0.058270021,1548 days
2020-12-08,1868.15,-0.047168801,1549 days
2020-12-09,1841.75,0.016198369,1550 days
2020-12-10,1844.35,0.047863645,1551 days
2020-12-11,1842.0,0.043121293,1552 days
2020-12-12,0.0,0.0,1553 days
2020-12-13,0.0,0.0,1554 days
2020-12-14,1831.15,0.053656824,1555 days
2020-12-15,1850.65,0.024282607,1556 days
2020-12-16,1851.95,0.002566744,1557 days
2020-12-17,1890.75,-0.0605509,1558 days
2020-12-18,1879.75,-0.035712564,1559 days
2020-12-19,0.0,0.0,1560 days
2020-12-20,0.0,0.0,1561 days
2020-12-21,1880.0,-0.008617933,1562 days
2020-12-22,1877.1,0.02876278,1563 days
2020-12-23,1875.0,0.021237419,1564 days
2020-12-24,,0.0,1565 days
2020-12-25,0.0,0.0,1566 days
2020-12-26,0.0,0.0,1567 days
2020-12-27,0.0,0.0,1568 days
2020-12-28,0.0,0.0,1569 days
2020-12-29,1874.3,0.027828243,1570 days
2020-12-30,1887.6,0.011360919,1571 days
2020-12-31,,0.0,1572 days
2021-01-01,0.0,0.0,1573 days
2021-01-02,0.0,0.0,1574 days
2021-01-03,0.0,0.0,1575 days
2021-01-04,1943.2,-0.087174285,1576 days
2021-01-05,1940.35,-0.061576337,1577 days
2021-01-06,1931.95,-0.002078725,1578 days
2021-01-07,1920.1,0.04549825,1579 days
2021-01-08,1862.9,0.223135902,1580 days
2021-01-09,0.0,0.0,1581 days
2021-01-10,0.0,0.0,1582 days
2021-01-11,1847.25,0.258053717,1583 days
2021-01-12,1841.25,0.142199758,1584 days
2021-01-13,1858.85,0.00672014,1585 days
2021-01-14,1841.75,0.007213039,1586 days
2021-01-15,1839.0,0.072815278,1587 days
2021-01-16,0.0,0.0,1588 days
2021-01-17,0.0,0.0,1589 days
2021-01-18,1833.05,0.082639438,1590 days
2021-01-19,1834.7,0.051377117,1591 days
2021-01-20,1856.6,0.006799103,1592 days
2021-01-21,1862.1,-0.026183013,1593 days
2021-01-22,1852.7,0.013504368,1594 days
2021-01-23,0.0,0.0,1595 days
2021-01-24,0.0,0.0,1596 days
2021-01-25,1856.85,0.022332583,1597 days
2021-01-26,1856.6,0.022536953,1598 days
2021-01-27,1843.0,0.049554263,1599 days
2021-01-28,1853.7,0.037190191,1600 days
2021-01-29,1863.8,0.001869386,1601 days
2021-01-30,0.0,0.0,1602 days
2021-01-31,0.0,0.0,1603 days
2021-02-01,1862.95,0.000929043,1604 days
2021-02-02,1833.1,0.077986161,1605 days
2021-02-03,1835.45,0.082871871,1606 days
2021-02-04,1785.9,0.167925958,1607 days
2021-02-05,1802.95,0.119433744,1608 days
2021-02-06,0.0,0.0,1609 days
2021-02-07,0.0,0.0,1610 days
2021-02-08,1835.25,0.008449561,1611 days
2021-02-09,1839.6,-0.049760064,1612 days
2021-02-10,1842.65,-0.009612175,1613 days
2021-02-11,1840.1,0.00196303,1614 days
2021-02-12,1816.35,0.096208894,1615 days
2021-02-13,0.0,0.0,1616 days
2021-02-14,0.0,0.0,1617 days
2021-02-15,1817.3,0.053394304,1618 days
2021-02-16,1794.25,0.098273316,1619 days
2021-02-17,1780.7,0.058802014,1620 days
2021-02-18,1773.15,0.099545992,1621 days
2021-02-19,1786.2,0.001548581,1622 days
2021-02-20,0.0,0.0,1623 days
2021-02-21,0.0,0.0,1624 days
2021-02-22,1807.45,-0.046813672,1625 days
2021-02-23,1799.65,-0.030470826,1626 days
2021-02-24,1788.0,0.043223162,1627 days
2021-02-25,1779.65,0.090493277,1628 days
2021-02-26,1742.85,0.16296452,1629 days
2021-02-27,0.0,0.0,1630 days
2021-02-28,0.0,0.0,1631 days
2021-03-01,1734.15,0.1599685,1632 days
2021-03-02,1723.85,0.096840221,1633 days
2021-03-03,1711.4,0.078079634,1634 days
2021-03-04,1712.1,0.040973255,1635 days
2021-03-05,1696.25,0.066187925,1636 days
2021-03-06,0.0,0.0,1637 days
2021-03-07,0.0,0.0,1638 days
2021-03-08,1687.05,0.06554351,1639 days
2021-03-09,1716.9,-0.010583092,1640 days
2021-03-10,1716.2,-0.04572031,1641 days
2021-03-11,1724.25,-0.030512127,1642 days
2021-03-12,1704.8,0.041395629,1643 days
2021-03-13,0.0,0.0,1644 days
2021-03-14,0.0,0.0,1645 days
2021-03-15,1723.65,0.026666379,1646 days
2021-03-16,1735.0,-0.014857785,1647 days
2021-03-17,1729.65,-0.014902718,1648 days
2021-03-18,1725.9,0.026668421,1649 days
2021-03-19,1735.2,0.015731422,1650 days
2021-03-20,0.0,0.0,1651 days
2021-03-21,0.0,0.0,1652 days
2021-03-22,1736.15,0.014458412,1653 days
2021-03-23,1726.2,0.030221068,1654 days
2021-03-24,1730.5,0.034572983,1655 days
2021-03-25,1737.3,0.008882042,1656 days
2021-03-26,1731.8,0.016699741,1657 days
2021-03-27,0.0,0.0,1658 days
2021-03-28,0.0,0.0,1659 days
2021-03-29,1705.95,0.077251376,1660 days
2021-03-30,1683.95,0.14504103,1661 days
2021-03-31,1691.05,0.088197965,1662 days
2021-04-01,1726.05,-0.025269424,1663 days
2021-04-02,0.0,0.0,1664 days
2021-04-03,0.0,0.0,1665 days
2021-04-04,0.0,0.0,1666 days
2021-04-05,0.0,0.0,1667 days
2021-04-06,1744.65,-0.086828515,1668 days
2021-04-07,1738.05,-0.043510601,1669 days
2021-04-08,1755.5,-0.040933181,1670 days
2021-04-09,1741.2,0.000238147,1671 days
2021-04-10,0.0,0.0,1672 days
2021-04-11,0.0,0.0,1673 days
2021-04-12,1732.85,0.039657212,1674 days
2021-04-13,1747.95,0.016650039,1675 days
2021-04-14,1735.55,0.022109284,1676 days
2021-04-15,1757.2,-0.023178643,1677 days
2021-04-16,1774.45,-0.060903546,1678 days
2021-04-17,0.0,0.0,1679 days
2021-04-18,0.0,0.0,1680 days
2021-04-19,1774.5,-0.037784438,1681 days
2021-04-20,1777.85,-0.003304579,1682 days
2021-04-21,1798.2,-0.026854974,1683 days
2021-04-22,1787.75,0.018355383,1684 days
2021-04-23,1781.8,0.044988986,1685 days
2021-04-24,0.0,0.0,1686 days
2021-04-25,0.0,0.0,1687 days
2021-04-26,1773.35,0.074649582,1688 days
2021-04-27,1784.15,0.022204075,1689 days
2021-04-28,1772.2,0.042898582,1690 days
2021-04-29,1762.65,0.046077365,1691 days
2021-04-30,1767.65,0.049919946,1692 days
2021-05-01,0.0,0.0,1693 days
2021-05-02,0.0,0.0,1694 days
2021-05-03,0.0,0.0,1695 days
2021-05-04,1797.75,-0.053152488,1696 days
2021-05-05,1782.25,-0.012853768,1697 days
2021-05-06,1813.15,-0.056763929,1698 days
2021-05-07,1836.55,-0.067680231,1699 days
2021-05-08,0.0,0.0,1700 days
2021-05-09,0.0,0.0,1701 days
2021-05-10,1840.45,-0.066491285,1702 days
2021-05-11,1829.1,0.024500148,1703 days
2021-05-12,1830.7,0.046076122,1704 days
2021-05-13,1821.8,0.070360334,1705 days
2021-05-14,1838.1,0.006996576,1706 days
2021-05-15,0.0,0.0,1707 days
2021-05-16,0.0,0.0,1708 days
2021-05-17,1853.7,-0.035647992,1709 days
2021-05-18,1866.75,-0.06442416,1710 days
2021-05-19,1888.45,-0.064148359,1711 days
2021-05-20,1878.3,0.003011538,1712 days
2021-05-21,1875.9,0.042174638,1713 days
2021-05-22,0.0,0.0,1714 days
2021-05-23,0.0,0.0,1715 days
2021-05-24,1880.15,0.051699236,1716 days
2021-05-25,1887.0,0.009244684,1717 days
2021-05-26,1899.75,-0.012801632,1718 days
2021-05-27,1891.45,0.008749399,1719 days
2021-05-28,1899.95,0.022486887,1720 days
2021-05-29,0.0,0.0,1721 days
2021-05-30,0.0,0.0,1722 days
2021-05-31,0.0,0.0,1723 days
2021-06-01,1899.35,0.019130191,1724 days
2021-06-02,1902.75,0.027392049,1725 days
2021-06-03,1866.55,0.096305713,1726 days
2021-06-04,1890.6,0.04897848,1727 days
2021-06-05,0.0,0.0,1728 days
2021-06-06,0.0,0.0,1729 days
2021-06-07,1888.4,0.017815382,1730 days
2021-06-08,1893.15,-0.013864178,1731 days
2021-06-09,1894.6,0.008660038,1732 days
2021-06-10,1888.65,0.020287965,1733 days
2021-06-11,1881.05,0.066395095,1734 days
2021-06-12,0.0,0.0,1735 days
2021-06-13,0.0,0.0,1736 days
2021-06-14,1865.6,0.071082806,1737 days
2021-06-15,1865.1,0.068297318,1738 days
2021-06-16,1860.75,0.040423879,1739 days
2021-06-17,1778.7,0.034248221,1740 days
2021-06-18,1773.1,0.053083544,1741 days
2021-06-19,0.0,0.0,1742 days
2021-06-20,0.0,0.0,1743 days
2021-06-21,1775.05,0.033887424,1744 days
2021-06-22,1775.05,0.00165238,1745 days
2021-06-23,1791.6,-0.043903448,1746 days
2021-06-24,1784.85,-0.029968771,1747 days
2021-06-25,1786.65,0.024223441,1748 days
2021-06-26,0.0,0.0,1749 days
2021-06-27,0.0,0.0,1750 days
2021-06-28,1780.3,0.041362335,1751 days
2021-06-29,1755.45,0.109437533,1752 days
2021-06-30,1763.15,0.005867139,1753 days
2021-07-01,1781.5,-0.020229664,1754 days
2021-07-02,1786.15,-0.04055684,1755 days
2021-07-03,0.0,0.0,1756 days
2021-07-04,0.0,0.0,1757 days
2021-07-05,1791.35,0.032231569,1758 days
2021-07-06,1809.85,0.028161361,1759 days
2021-07-07,1804.65,0.015065005,1760 days
2021-07-08,1807.7,-0.000207466,1761 days
2021-07-09,1806.0,0.020555565,1762 days
2021-07-10,0.0,0.0,1763 days
2021-07-11,0.0,0.0,1764 days
2021-07-12,1792.4,0.057575609,1765 days
2021-07-13,1813.85,0.003633869,1766 days
2021-07-14,1823.2,-0.019806339,1767 days
2021-07-15,1823.75,-0.022954979,1768 days
2021-07-16,1824.3,0.02045259,1769 days
2021-07-17,0.0,0.0,1770 days
2021-07-18,0.0,0.0,1771 days
2021-07-19,1814.9,0.045877748,1772 days
2021-07-20,1823.05,0.041663484,1773 days
2021-07-21,1802.15,0.056632691,1774 days
2021-07-22,1799.45,0.056000079,1775 days
2021-07-23,1799.6,0.039854767,1776 days
2021-07-24,0.0,0.0,1777 days
2021-07-25,0.0,0.0,1778 days
2021-07-26,1800.2,0.018959038,1779 days
2021-07-27,1800.35,0.013864624,1780 days
2021-07-28,1796.6,0.023905872,1781 days
2021-07-29,1829.3,-0.032601399,1782 days
2021-07-30,1825.75,-0.023851038,1783 days
2021-07-31,0.0,0.0,1784 days
2021-08-01,0.0,0.0,1785 days
2021-08-02,1811.45,0.030401157,1786 days
2021-08-03,1812.65,0.060346505,1787 days
2021-08-04,1829.1,0.012545627,1788 days
2021-08-05,1800.75,0.051452532,1789 days
2021-08-06,1762.9,0.128571816,1790 days
2021-08-07,0.0,0.0,1791 days
2021-08-08,0.0,0.0,1792 days
2021-08-09,1738.85,0.182056959,1793 days
2021-08-10,1723.35,0.141355528,1794 days
2021-08-11,1743.6,0.023697655,1795 days
2021-08-12,1747.4,-0.038027057,1796 days
2021-08-13,1773.85,-0.090941415,1797 days
2021-08-14,0.0,0.0,1798 days
2021-08-15,0.0,0.0,1799 days
2021-08-16,1786.35,-0.067794171,1800 days
2021-08-17,1789.45,-0.026482916,1801 days
2021-08-18,1783.45,0.040738571,1802 days
2021-08-19,1782.05,0.047153192,1803 days
2021-08-20,1779.05,0.054670115,1804 days
2021-08-21,0.0,0.0,1805 days
2021-08-22,0.0,0.0,1806 days
2021-08-23,1802.0,-0.028961761,1807 days
2021-08-24,1808.45,-0.035178904,1808 days
2021-08-25,1788.7,0.014705157,1809 days
2021-08-26,1786.6,0.06860062,1810 days
2021-08-27,1798.5,0.028378595,1811 days
2021-08-28,0.0,0.0,1812 days
2021-08-29,0.0,0.0,1813 days
2021-08-30,0.0,0.0,1814 days
2021-08-31,1814.85,-0.019288115,1815 days
2021-09-01,1811.8,-0.022578349,1816 days
2021-09-02,1812.55,0.006039865,1817 days
2021-09-03,1823.7,0.001890209,1818 days
2021-09-04,0.0,0.0,1819 days
2021-09-05,0.0,0.0,1820 days
2021-09-06,1821.6,0.015570248,1821 days
2021-09-07,1802.15,0.065530731,1822 days
2021-09-08,1786.0,0.105442523,1823 days
2021-09-09,1788.25,0.076895197,1824 days
2021-09-10,1794.6,0.013907246,1825 days
