Date,7exp
10/24/16,1258.576382
10/25/16,1265.568599
10/26/16,1265.395839
10/27/16,1257.813283
10/28/16,1271.472604
10/31/16,1266.281805
2011/1/16,1293.714144
2011/2/16,1312.106194
2011/3/16,1297.293564
2011/4/16,1301.867774
2011/7/16,1269.079837
2011/8/16,1278.377183
2011/9/16,1277.323024
2011/10/16,1256.58336
2011/11/16,1210.170284
11/14/16,1187.976328
11/15/16,1226.541394
11/16/16,1219.939262
11/17/16,1218.844951
11/18/16,1196.539269
11/21/16,1208.90252
11/22/16,1202.447496
11/23/16,1165.929366
11/24/16,1178.149438
11/25/16,1176.158863
11/28/16,1178.635628
11/29/16,1175.606135
11/30/16,1167.514825
2012/1/16,1147.899703
2012/2/16,1168.360424
2012/5/16,1148.060917
2012/6/16,1165.810017
2012/7/16,1169.144048
2012/8/16,1160.160629
2012/9/16,1152.666847
2012/12/16,1144.799664
12/13/16,1149.836947
12/14/16,1153.698453
12/15/16,1115.323529
12/16/16,1120.411594
12/19/16,1125.487143
12/20/16,1114.494366
12/21/16,1123.041667
12/22/16,1120.760959
12/23/16,1122.616892
12/28/16,1124.466667
12/29/16,1136.494737
12/30/16,1139.299351
2001/3/17,1142.097436
2001/4/17,1156.131013
2001/5/17,1169.305
2001/6/17,1168.504321
2001/9/17,1171.373171
2001/10/17,1185.139601
2001/11/17,1171.595238
2001/12/17,1199.424118
1/13/17,1184.105814
1/16/17,1197.409195
1/17/17,1211.115909
1/18/17,1209.812921
1/19/17,1190.336667
1/20/17,1195.097253
1/23/17,1207.991304
1/24/17,1212.163441
1/25/17,1189.485106
1/26/17,1184.02
1/27/17,1179.027083
1/30/17,1187.364948
1/31/17,1208.236735
2002/1/17,1198.763131
2002/2/17,1217.844
2002/3/17,1210.867327
2002/6/17,1222.912745
2002/7/17,1227.365049
2002/8/17,1238.926923
2002/9/17,1233.455238
2002/10/17,1224.666038
2/13/17,1218.423832
2/14/17,1227.274074
2/15/17,1220.722936
2/16/17,1237.493636
2/17/17,1238.971622
2/20/17,1234.182143
2/21/17,1229.964602
2/22/17,1233.564035
2/23/17,1245.232174
2/24/17,1251.203448
2/27/17,1254.895726
2/28/17,1253.261017
2003/1/17,1237.569748
2003/2/17,1235.216667
2003/3/17,1223.257025
2003/6/17,1227.879508
2003/7/17,1213.139431
2003/8/17,1205.477419
2003/9/17,1202.7724
2003/10/17,1198.778571
3/13/17,1200.407874
3/14/17,1200.85
3/15/17,1194.899225
3/16/17,1226.419231
3/17/17,1226.699237
3/20/17,1229.606061
3/21/17,1239.103759
3/22/17,1246.794776
3/23/17,1245.215556
3/24/17,1245.232353
3/27/17,1255.592336
3/28/17,1255.297826
3/29/17,1248.984892
3/30/17,1246.634286
3/31/17,1242.587589
2004/3/17,1245.071127
2004/4/17,1255.777273
2004/5/17,1243.611111
2004/6/17,1250.511034
2004/7/17,1264.856849
2004/10/17,1248.021429
2004/11/17,1250.962162
2004/12/17,1272.949664
4/13/17,1283.071333
4/18/17,1277.740728
4/19/17,1277.851316
4/20/17,1280.988889
4/21/17,1280.73961
4/24/17,1267.975484
4/25/17,1266.34359
4/26/17,1260.251274
4/27/17,1261.235443
4/28/17,1264.987107
2005/2/17,1253.72125
2005/3/17,1248.454037
2005/4/17,1226.075926
2005/5/17,1225.680675
2005/8/17,1227.487805
2005/9/17,1217.873939
2005/10/17,1220.500602
2005/11/17,1220.72006
2005/12/17,1229.027381
5/15/17,1231.139053
5/16/17,1232.072941
5/17/17,1255.82807
5/18/17,1254.302326
5/19/17,1250.321387
5/22/17,1257.338506
5/23/17,1258.728
5/24/17,1250.9125
5/25/17,1255.421186
5/26/17,1263.711798
5/30/17,1261.31676
5/31/17,1264.902222
2006/1/17,1263.529558
2006/2/17,1273.858791
2006/5/17,1278.974044
2006/6/17,1292.823913
2006/7/17,1290.273514
2006/8/17,1271.992473
2006/9/17,1265.308289
2006/12/17,1265.161702
6/13/17,1260.675132
6/14/17,1274.466316
6/15/17,1253.082984
6/16/17,1253.958333
6/19/17,1246.565544
6/20/17,1240.501031
6/21/17,1240.815897
6/22/17,1249.293878
6/23/17,1254.301015
6/26/17,1243.64697
6/27/17,1248.041457
6/28/17,1246.468
6/29/17,1241.88607
6/30/17,1240.619307
2007/3/17,1227.371182
2007/4/17,1221.772549
2007/5/17,1218.264878
2007/6/17,1222.964078
2007/7/17,1213.544686
2007/10/17,1209.732692
2007/11/17,1208.876794
2007/12/17,1216.784762
7/13/17,1216.896209
7/14/17,1228.520755
7/17/17,1232.400469
7/18/17,1240.492982
7/19/17,1241.501721
7/20/17,1237.109259
7/21/17,1247.148157
7/24/17,1254.283028
7/25/17,1253.117808
7/26/17,1246.709091
7/27/17,1259.950679
7/28/17,1263.824324
7/31/17,1266.526682
2008/1/17,1269.991964
2008/2/17,1268.622222
2008/3/17,1267.1
2008/4/17,1256.521145
2008/7/17,1256.831579
2008/8/17,1260.703057
2008/9/17,1270.118696
2008/10/17,1283.703896
2008/11/17,1285.436207
8/14/17,1281.57382
8/15/17,1269.371795
8/16/17,1271.867447
8/17/17,1284.481356
8/18/17,1295.313924
8/21/17,1292.367227
8/22/17,1283.523849
8/23/17,1286.0175
8/24/17,1288.409129
8/25/17,1284.650413
8/29/17,1318.552058
8/30/17,1308.236066
8/31/17,1311.540204
2009/1/17,1320.331707
2009/4/17,1333.237652
2009/5/17,1335.726613
2009/6/17,1338.062851
2009/7/17,1343.8024
2009/8/17,1346.59502
2009/11/17,1334.352381
2009/12/17,1326.53004
9/13/17,1327.596457
9/14/17,1324.549216
9/15/17,1322.822656
9/18/17,1311.905447
9/19/17,1309.367442
9/20/17,1311.094595
9/21/17,1291.6
9/22/17,1294.343295
9/25/17,1292.822137
9/26/17,1299.676616
9/27/17,1281.912879
9/28/17,1279.503138
9/29/17,1282.47594
2010/2/17,1272.937453
2010/3/17,1270.453731
2010/4/17,1273.501301
2010/5/17,1273.757778
2010/6/17,1260.873063
2010/9/17,1277.393956
2010/10/17,1290.913553
2010/11/17,1288.733942
2010/12/17,1289.750364
10/13/17,1299.237681
10/16/17,1302.992419
10/17/17,1284.176619
10/18/17,1279.563441
10/19/17,1285.854286
10/20/17,1280.582206
10/23/17,1274.195035
10/24/17,1275.769435
10/25/17,1274.301408
10/26/17,1273.036316
10/27/17,1265.636713
10/30/17,1271.266899
10/31/17,1269.39375
2011/1/17,1276.391869
2011/2/17,1278.573793
2011/3/17,1266.410997
2011/6/17,1270.164384
2011/7/17,1274.931058
2011/8/17,1283.447619
2011/9/17,1284.260339
2011/10/17,1283.755405
11/13/17,1277.321717
11/14/17,1273.928859
11/15/17,1281.632776
11/16/17,1279.405333
11/17/17,1283.815116
11/20/17,1285.691391
11/21/17,1282.754785
11/22/17,1286.454605
11/23/17,1289.90082
11/24/17,1290.054248
11/27/17,1294.513029
11/28/17,1291.424675
11/29/17,1283.322492
11/30/17,1279.627097
2012/1/17,1274.868489
2012/4/17,1272.794231
2012/5/17,1265.554952
2012/6/17,1262.924204
2012/7/17,1254.11619
2012/8/17,1249.713924
2012/11/17,1246.172713
2012/12/17,1239.84717
12/13/17,1241.622414
12/14/17,1250.08
12/15/17,1253.727726
12/18/17,1259.804969
12/19/17,1259.554334
12/20/17,1263.808642
12/21/17,1263.810923
12/22/17,1271.329294
12/27/17,1278.847095
12/28/17,1290.590244
12/29/17,1301.244453
2001/2/18,1311.897879
2001/3/18,1314.782779
2001/4/18,1314.378313
2001/5/18,1317.060511
2001/8/18,1319.894311
2001/9/18,1310.837612
2001/10/18,1319.692262
2001/11/18,1323.031602
2001/12/18,1326.826036
1/15/18,1339.422861
1/16/18,1333.958824
1/17/18,1335.779619
1/18/18,1332.288889
1/19/18,1335.0707
1/22/18,1332.693023
1/23/18,1333.502029
1/24/18,1354.036416
1/25/18,1355.299856
1/26/18,1353.478161
1/29/18,1344.07063
1/30/18,1345.132
1/31/18,1345.283048
2002/1/18,1341.540341
2002/2/18,1331.224221
2002/5/18,1333.701695
2002/6/18,1331.47662
2002/7/18,1324.650562
2002/8/18,1315.347479
2002/9/18,1313.982682
2002/12/18,1322.274373
2/13/18,1325.358333
2/14/18,1336.379086
2/15/18,1352.757735
2/16/18,1352.40303
2/19/18,1346.841758
2/20/18,1340.017123
2/21/18,1330.564481
2/22/18,1328.390872
2/23/18,1327.986413
2/26/18,1333.596477
2/27/18,1325.762432
2/28/18,1317.777224
2003/1/18,1307.568817
2003/2/18,1322.275335
2003/5/18,1320.35508
2003/6/18,1331.472533
2003/7/18,1329.451064
2003/8/18,1320.961804
2003/9/18,1320.557672
2003/12/18,1319.09248
3/13/18,1322.730526
3/14/18,1323.538976
3/15/18,1318.688743
3/16/18,1309.948564
3/19/18,1312.272917
3/20/18,1310.858701
3/21/18,1321.316321
3/22/18,1329.197028
3/23/18,1346.826804
3/26/18,1352.685861
3/27/18,1341.622821
3/28/18,1332.530307
3/29/18,1323.842347
2004/3/18,1333.540076
2004/4/18,1337.428934
2004/5/18,1327.731392
2004/6/18,1331.266667
2004/9/18,1332.024055
2004/10/18,1339.094221
2004/11/18,1351.012155
2004/12/18,1341.5175
4/13/18,1343.890524
4/16/18,1349.596269
4/17/18,1342.273697
4/18/18,1351.715842
4/19/18,1348.837037
4/20/18,1336.869704
4/23/18,1324.297052
4/24/18,1328.891667
4/25/18,1321.621149
4/26/18,1320.661951
4/27/18,1321.46983
4/30/18,1313.08932
2005/1/18,1306.930508
2005/2/18,1304.002899
2005/3/18,1314.957952
2005/4/18,1309.253846
2005/8/18,1306.427338
2005/9/18,1313.747129
2005/10/18,1318.74463
2005/11/18,1324.347619
5/14/18,1319.804869
5/15/18,1294.719431
5/16/18,1290.934634
5/17/18,1289.168868
5/18/18,1287.958353
5/21/18,1288.009624
5/22/18,1292.75445
5/23/18,1288.66729
5/24/18,1304.665851
5/25/18,1303.303721
5/29/18,1295.22993
5/30/18,1300.478704
5/31/18,1305.172171
2006/1/18,1294.323502
2006/4/18,1295.181954
2006/5/18,1291.751376
2006/6/18,1299.875744
2006/7/18,1297.000228
2006/8/18,1298.009909
2006/11/18,1299.372727
2006/12/18,1298.414626
6/13/18,1295.892534
6/14/18,1302.552709
6/15/18,1284.895495
6/18/18,1281.163034
6/19/18,1275.715471
6/20/18,1273.748993
6/21/18,1265.628125
6/22/18,1268.656013
6/25/18,1268.203111
6/26/18,1259.729712
6/27/18,1253.980531
6/28/18,1250.904967
6/29/18,1249.796696
2007/2/18,1247.124835
2007/3/18,1251.110965
2007/4/18,1255.046499
2007/5/18,1254.896507
2007/6/18,1254.746514
2007/9/18,1261.506087
2007/10/18,1253.387419
2007/11/18,1250.766234
2007/12/18,1245.220086
7/13/18,1240.985345
7/16/18,1240.38172
7/17/18,1232.012017
7/18/18,1223.642612
7/19/18,1216.635043
7/20/18,1227.932516
7/23/18,1224.101915
7/24/18,1227.53259
7/25/18,1230.711017
7/26/18,1227.435201
7/27/18,1223.100633
7/30/18,1222.951158
7/31/18,1220.078992
2008/1/18,1218.114465
2008/2/18,1214.536611
2008/3/18,1215.395616
2008/6/18,1208.692083
2008/7/18,1211.416528
2008/8/18,1208.595228
2008/9/18,1213.436957
2008/10/18,1213.489256
8/13/18,1199.325258
8/14/18,1195.949794
8/15/18,1180.828747
8/16/18,1179.218033
8/17/18,1177.20409
8/20/18,1183.205102
8/21/18,1189.861202
8/22/18,1195.609756
8/23/18,1191.276978
8/24/18,1196.67247
8/28/18,1211.342121
8/29/18,1203.229032
8/30/18,1196.275453
8/31/18,1201.468876
2009/3/18,1199.051603
2009/4/18,1189.78
2009/5/18,1195.678842
2009/6/18,1204.198207
2009/7/18,1197.900398
2009/10/18,1195.584127
2009/11/18,1188.782673
2009/12/18,1194.580237
9/13/18,1208.89428
9/14/18,1200.984252
9/17/18,1200.935756
9/18/18,1199.224314
9/19/18,1202.350489
9/20/18,1207.441797
9/21/18,1197.718324
9/24/18,1201.801751
9/25/18,1200.94699
9/26/18,1193.239535
9/27/18,1184.323017
9/28/18,1186.189382
2010/1/18,1188.307611
2010/2/18,1203.777692
2010/3/18,1200.252591
2010/4/18,1202.521648
2010/5/18,1202.876099
2010/8/18,1185.899237
2010/9/18,1184.490571
2010/10/18,1187.565779
2010/11/18,1204.646395
2010/12/18,1218.955682
10/15/18,1229.23431
10/16/18,1229.991321
10/17/18,1228.330226
10/18/18,1222.23609
10/19/18,1227.123921
10/22/18,1221.533708
10/23/18,1235.287196
10/24/18,1229.848134
10/25/18,1230.101304
10/26/18,1233.175279
10/29/18,1230.103896
10/30/18,1224.665185
10/31/18,1214.139279
2011/1/18,1230.460332
2011/2/18,1231.4186
2011/5/18,1231.570956
2011/6/18,1230.917431
2011/7/18,1229.256593
2011/8/18,1223.415448
2011/9/18,1210.573723
2011/12/18,1204.682605
11/13/18,1201.209091
11/14/18,1202.369056
11/15/18,1211.032971
11/16/18,1221.660759
11/19/18,1220.856318
11/20/18,1222.267748
11/21/18,1225.391367
11/22/18,1226.349461
11/23/18,1222.926344
11/26/18,1222.67585
11/27/18,1220.461429
11/28/18,1212.456061
11/29/18,1225.55
11/30/18,1216.789432
2012/3/18,1229.631206
2012/4/18,1239.703186
2012/5/18,1235.273145
2012/6/18,1241.971164
2012/7/18,1242.727465
2012/10/18,1244.792882
2012/11/18,1244.743509
2012/12/18,1245.197636
12/13/18,1242.177622
12/14/18,1234.726963
12/17/18,1241.071951
12/18/18,1245.755304
12/19/18,1254.516667
12/20/18,1259.300433
12/21/18,1257.690138
12/24/18,1262.649957
12/27/18,1267.609655
12/28/18,1278.686059
12/31/18,1280.65
2001/2/19,1282.613894
2001/3/19,1290.216096
2001/4/19,1279.594359
2001/7/19,1291.97884
2001/8/19,1286.190034
2001/9/19,1288.355102
2001/10/19,1291.677929
2001/11/19,1288.708305
1/14/19,1292.534433
1/15/19,1294.195946
1/16/19,1292.082125
1/17/19,1290.471717
1/18/19,1283.928403
1/21/19,1279.247651
1/22/19,1281.815243
1/23/19,1279.500334
1/24/19,1283.426878
1/25/19,1293.695333
1/28/19,1302.000582
1/29/19,1307.436711
1/30/19,1310.607794
1/31/19,1323.24106
2002/1/19,1318.660992
2002/4/19,1312.067822
2002/5/19,1314.131466
2002/6/19,1312.319737
2002/7/19,1309.904105
2002/8/19,1314.786066
2002/11/19,1306.280851
2002/12/19,1309.904575
2/13/19,1312.723002
2/14/19,1311.364332
2/15/19,1316.497642
2/18/19,1325.505844
2/19/19,1334.211912
2/20/19,1343.873948
2/21/19,1331.292973
2/22/19,1329.07871
2/25/19,1331.091546
2/26/19,1325.052894
2/27/19,1322.838764
2/28/19,1319.115064
2003/1/19,1311.86904
2003/4/19,1285.149521
2003/5/19,1283.539713
2003/6/19,1285.603185
2003/7/19,1285.050079
2003/8/19,1296.573175
2003/11/19,1292.548098
2003/12/19,1296.875633
3/13/19,1306.838468
3/14/19,1295.366719
3/15/19,1303.367087
3/18/19,1305.480503
3/19/19,1307.593878
3/20/19,1303.568966
3/21/19,1309.506103
3/22/19,1311.216875
3/25/19,1319.518487
3/26/19,1316.248287
3/27/19,1309.607309
3/28/19,1294.967081
3/29/19,1295.218915
2004/1/19,1293.30743
2004/2/19,1290.087944
2004/3/19,1290.239198
2004/4/19,1282.89453
2004/5/19,1288.227538
2004/8/19,1299.848848
2004/9/19,1302.867485
2004/10/19,1305.332695
2004/11/19,1298.642202
2004/12/19,1294.114962
4/15/19,1285.4125
4/16/19,1276.05624
4/17/19,1275.553647
4/18/19,1275.403187
4/23/19,1269.166061
4/24/19,1271.329576
4/25/19,1280.535347
4/26/19,1283.956259
4/29/19,1279.228313
4/30/19,1282.045564
2005/1/19,1283.554955
2005/2/19,1270.628261
2005/3/19,1278.274251
2005/7/19,1280.940508
2005/8/19,1284.964776
2005/9/19,1285.870492
2005/10/19,1286.876786
5/13/19,1295.427637
5/14/19,1298.24451
5/15/19,1298.948889
5/16/19,1291.505325
5/17/19,1280.541211
5/20/19,1276.568289
5/21/19,1270.835125
5/22/19,1273.501176
5/23/19,1283.409471
5/24/19,1282.253079
5/28/19,1278.028843
5/29/19,1281.39883
5/30/19,1280.695109
5/31/19,1295.380612
2006/3/19,1318.384299
2006/4/19,1324.710083
2006/5/19,1335.827112
2006/6/19,1335.59195
2006/7/19,1341.08344
2006/10/19,1327.840963
2006/11/19,1324.014499
2006/12/19,1332.917673
6/13/19,1336.197082
6/14/19,1352.429348
6/17/19,1340.76827
6/18/19,1341.447574
6/19/19,1344.328959
6/20/19,1382.115903
6/21/19,1398.932541
6/24/19,1406.844418
6/25/19,1434.205993
6/26/19,1402.518057
6/27/19,1402.835579
6/28/19,1409.911121
2007/1/19,1389.233465
2007/2/19,1391.480318
2007/3/19,1415.44557
2007/4/19,1415.490848
2007/5/19,1387.327176
2007/8/19,1401.163931
2007/9/19,1391.925596
2007/10/19,1408.768908
2007/11/19,1414.248741
2007/12/19,1408.063687
7/15/19,1412.889819
7/16/19,1410.32493
7/17/19,1410.827051
7/18/19,1417.965833
7/19/19,1440.338558
7/22/19,1428.321468
7/23/19,1426.108506
7/24/19,1427.51547
7/25/19,1416.604828
7/26/19,1420.927824
7/29/19,1419.56967
7/30/19,1426.456593
7/31/19,1428.114883
2008/1/19,1407.250411
2008/2/19,1442.39104
2008/5/19,1466.018579
2008/6/19,1466.017531
2008/7/19,1507.038828
2008/8/19,1496.681429
2008/9/19,1498.640761
2008/12/19,1505.677476
8/13/19,1499.342005
8/14/19,1514.27111
8/15/19,1516.682703
8/16/19,1516.27915
8/19/19,1497.527224
8/20/19,1505.518775
8/21/19,1504.210484
8/22/19,1503.002752
8/23/19,1504.760858
8/27/19,1534.065663
8/28/19,1538.286631
8/29/19,1541.351402
8/30/19,1529.486933
2009/2/19,1527.022437
2009/3/19,1538.984309
2009/4/19,1547.276627
2009/5/19,1530.184881
2009/6/19,1524.754834
2009/9/19,1510.17672
2009/10/19,1499.167569
2009/11/19,1491.526253
2009/12/19,1516.20448
9/13/19,1504.039474
9/16/19,1498.107227
9/17/19,1503.031759
9/18/19,1504.437877
9/19/19,1501.62199
9/20/19,1502.827059
9/23/19,1523.131332
9/24/19,1521.672425
9/25/19,1529.813281
9/26/19,1507.345644
9/27/19,1490.758701
9/30/19,1486.133722
2010/1/19,1474.221244
2010/2/19,1493.46934
2010/3/19,1518.094832
2010/4/19,1500.050903
2010/7/19,1502.160567
2010/8/19,1506.783076
2010/9/19,1508.189075
2010/10/19,1495.673941
2010/11/19,1479.942564
10/14/19,1491.450192
10/15/19,1488.634783
10/16/19,1485.919923
10/17/19,1493.507398
10/18/19,1490.842803
10/21/19,1492.500127
10/22/19,1486.167027
10/23/19,1495.312183
10/24/19,1497.421736
10/25/19,1514.406203
10/28/19,1493.248546
10/29/19,1487.568939
10/30/19,1492.944893
10/31/19,1511.888791
2011/1/19,1509.726792
2011/4/19,1510.378894
2011/5/19,1489.774843
2011/6/19,1486.859273
2011/7/19,1485.049249
2011/8/19,1464.84775
2011/11/19,1459.369663
2011/12/19,1452.685661
11/13/19,1463.588917
11/14/19,1467.356716
11/15/19,1467.607081
11/18/19,1468.359926
11/19/19,1469.163011
11/20/19,1472.428218
11/21/19,1467.754326
11/22/19,1465.140617
11/25/19,1459.059926
11/26/19,1455.29064
11/27/19,1454.988376
11/28/19,1455.289066
11/29/19,1460.815276
2012/2/19,1461.819363
2012/3/19,1478.047613
2012/4/19,1475.835941
2012/5/19,1476.689194
2012/6/19,1460.30878
2012/9/19,1462.367966
2012/10/19,1465.632968
2012/11/19,1467.49113
2012/12/19,1468.495146
12/13/19,1467.288485
12/16/19,1478.642373
12/17/19,1476.531318
12/18/19,1474.771981
12/19/19,1477.433896
12/20/19,1479.744096
12/23/19,1482.858123
12/24/19,1497.627885
12/27/19,1512.397479
12/30/19,1515.66199
12/31/19,1521.865479
2001/2/20,1528.0689
2001/3/20,1549.821207
2001/6/20,1574.286158
2001/7/20,1569.009714
2001/8/20,1573.127857
2001/9/20,1551.825624
2001/10/20,1554.687886
1/13/20,1550.969039
1/14/20,1546.145024
1/15/20,1550.062249
1/16/20,1555.637234
1/17/20,1558.700354
1/20/20,1561.261085
1/21/20,1552.36808
1/22/20,1557.993176
1/23/20,1564.020094
1/24/20,1565.425352
1/27/20,1581.298124
1/28/20,1575.16815
1/29/20,1574.614211
1/30/20,1579.43528
1/31/20,1585.411669
2002/3/20,1575.9162
2002/4/20,1559.438475
2002/5/20,1554.363721
2002/6/20,1564.408943
2002/7/20,1573.801044
2002/10/20,1574.35226
2002/11/20,1571.638426
2002/12/20,1564.805665
2/13/20,1576.206813
2/14/20,1582.584775
2/17/20,1581.980645
2/18/20,1591.070944
2/19/20,1605.485517
2/20/20,1620.352009
2/21/20,1644.761927
2/24/20,1678.419806
2/25/20,1651.790618
2/26/20,1635.468994
2/27/20,1653.494977
2/28/20,1611.151026
2003/2/20,1600.903075
2003/3/20,1616.823777
2003/4/20,1644.233076
2003/5/20,1660.86996
2003/6/20,1687.042682
2003/9/20,1672.610914
2003/10/20,1657.518097
2003/11/20,1654.919766
2003/12/20,1566.723179
3/13/20,1563.345523
3/16/20,1479.562595
3/17/20,1535.721908
3/18/20,1501.735561
3/19/20,1468.863229
3/20/20,1495.161435
3/23/20,1527.818567
3/24/20,1620.517633
3/25/20,1612.698422
3/26/20,1638.050348
3/27/20,1613.047043
3/30/20,1612.538247
3/31/20,1606.141007
2004/1/20,1572.290535
2004/2/20,1616.67712
2004/3/20,1645.284375
2004/6/20,1664.25596
2004/7/20,1664.692728
2004/8/20,1641.883751
2004/9/20,1682.126654
4/14/20,1756.742432
4/15/20,1724.119761
4/16/20,1728.271283
4/17/20,1670.836206
4/20/20,1685.699622
4/21/20,1691.432935
4/22/20,1741.775988
4/23/20,1759.904335
4/24/20,1717.281995
4/27/20,1711.129717
4/28/20,1689.235631
4/29/20,1704.970069
4/30/20,1706.403692
2005/1/20,1686.348323
2005/4/20,1710.559107
2005/5/20,1703.536364
2005/6/20,1691.024794
2005/7/20,1705.035996
2005/11/20,1707.165422
2005/12/20,1702.568982
5/13/20,1708.477214
5/14/20,1735.021802
5/15/20,1734.795895
5/18/20,1732.948211
5/19/20,1734.342975
5/20/20,1751.77462
5/21/20,1725.565787
5/22/20,1737.766978
5/26/20,1726.879388
5/27/20,1701.274571
5/28/20,1725.3181
5/29/20,1739.452758
2006/1/20,1733.916607
2006/2/20,1742.887728
2006/3/20,1705.10189
2006/4/20,1699.57316
2006/5/20,1689.478174
2006/8/20,1697.00386
2006/9/20,1720.240547
2006/10/20,1728.221901
2006/11/20,1738.47683
2006/12/20,1731.611875
6/15/20,1706.651403
6/16/20,1719.198868
6/17/20,1728.128169
6/18/20,1722.336669
6/19/20,1735.200019
6/22/20,1764.05358
6/23/20,1767.561436
6/24/20,1761.036557
6/25/20,1753.820208
6/26/20,1746.408886
6/29/20,1773.093187
6/30/20,1771.055606
2007/1/20,1769.775495
2007/2/20,1776.582641
2007/3/20,1772.468304
2007/6/20,1785.638283
2007/7/20,1790.698307
2007/8/20,1809.67114
2007/9/20,1810.709576
2007/10/20,1800.525393
7/13/20,1804.362674
7/14/20,1803.869139
7/15/20,1804.361201
7/16/20,1810.769965
7/17/20,1808.224968
7/20/20,1816.196902
7/21/20,1844.668365
7/22/20,1851.943571
7/23/20,1874.7956
7/24/20,1896.103469
7/27/20,1931.516057
7/28/20,1933.4794
7/29/20,1944.547528
7/30/20,1950.721225
7/31/20,1964.451864
2008/3/20,1957.516172
2008/4/20,1984.473611
2008/5/20,2060.281366
2008/6/20,2078.767821
2008/7/20,2025.370298
2008/10/20,2036.791361
2008/11/20,1930.234712
2008/12/20,1925.026957
8/13/20,1959.099006
8/14/20,1964.458396
8/17/20,1972.777281
8/18/20,2013.261408
8/19/20,1970.782457
8/20/20,1927.129793
8/21/20,1930.111175
8/24/20,1958.472435
8/25/20,1913.957577
8/26/20,1927.367852
8/27/20,1915.373138
8/28/20,1956.2574
2009/1/20,1975.566491
2009/2/20,1945.692463
2009/3/20,1937.911768
2009/4/20,1923.797473
2009/7/20,1936.017854
2009/8/20,1914.462464
2009/9/20,1950.50666
2009/10/20,1963.831506
2009/11/20,1945.989879
9/14/20,1948.68691
9/15/20,1950.32279
9/16/20,1962.746166
9/17/20,1940.334685
9/18/20,1949.94366
9/21/20,1910.687467
9/22/20,1912.994739
9/23/20,1881.141235
9/24/20,1874.207948
9/25/20,1868.613582
9/28/20,1876.86809
9/29/20,1888.935034
9/30/20,1891.31596
2010/1/20,1900.422061
2010/2/20,1902.358983
2010/5/20,1907.822271
2010/6/20,1912.305432
2010/7/20,1884.834648
2010/8/20,1888.582264
2010/9/20,1928.99297
2010/12/20,1929.402317
10/13/20,1888.745128
10/14/20,1909.392743
10/15/20,1897.613783
10/16/20,1909.02959
10/19/20,1908.272504
10/20/20,1902.486205
10/21/20,1923.925555
10/22/20,1904.897912
10/23/20,1903.06953
10/26/20,1901.5379
10/27/20,1910.531135
10/28/20,1873.191747
10/29/20,1875.262773
10/30/20,1888.430044
2011/2/20,1897.620617
2011/3/20,1908.423143
2011/4/20,1901.071431
2011/5/20,1935.232212
2011/6/20,1939.708774
2011/9/20,1866.273767
2011/10/20,1878.319731
2011/11/20,1873.833085
2011/12/20,1885.632049
11/13/20,1895.264226
11/16/20,1890.848916
11/17/20,1886.997536
11/18/20,1878.949176
11/19/20,1860.200022
11/20/20,1880.251833
11/23/20,1848.086466
11/24/20,1806.382099
11/25/20,1818.703941
11/26/20,1822.06442
11/27/20,1788.028528
11/30/20,1768.899038
2012/1/20,1818.569089
2012/2/20,1828.907508
2012/3/20,1830.751682
2012/4/20,1837.122453
2012/7/20,1856.886538
2012/8/20,1862.9044
2012/9/20,1838.895362
2012/10/20,1841.786204
2012/11/20,1844.923311
12/14/20,1835.450252
12/15/20,1852.78652
12/16/20,1855.513537
12/17/20,1889.820091
12/18/20,1877.304659
12/21/20,1876.417218
12/22/20,1873.662017
12/23/20,1877.47488
12/24/20,1874.9658
12/29/20,1877.773543
12/30/20,1888.676311
12/31/20,1916.1971
2001/4/21,1940.095609
2001/5/21,1934.652799
2001/6/21,1925.054532
2001/7/21,1917.533144
2001/8/21,1872.185984
2001/11/21,1858.628722
2001/12/21,1859.404823
1/13/21,1874.270788
1/14/21,1851.687918
1/15/21,1845.885928
1/18/21,1838.14154
1/19/21,1842.259501
1/20/21,1859.82802
1/21/21,1865.270214
1/22/21,1851.408163
1/25/21,1856.066835
1/26/21,1857.89214
1/27/21,1845.486224
1/28/21,1855.530121
1/29/21,1867.028334
2002/1/21,1864.550783
2002/2/21,1834.0242
2002/3/21,1838.592892
2002/4/21,1794.269553
2002/5/21,1812.584875
2002/8/21,1843.80012
2002/9/21,1846.448229
2002/10/21,1838.510035
2002/11/21,1839.024936
2002/12/21,1818.054174
2/15/21,1823.835923
2/16/21,1803.799426
2/17/21,1789.784023
2/18/21,1781.505535
2/19/21,1794.848223
2/22/21,1811.998378
2/23/21,1799.643617
2/24/21,1785.886258
2/25/21,1778.153833
2/26/21,1750.404747
2003/1/21,1741.696946
2003/2/21,1737.335318
2003/3/21,1721.882775
2003/4/21,1720.806028
2003/5/21,1699.952385
2003/8/21,1692.565226
2003/9/21,1717.981919
2003/10/21,1720.693052
2003/11/21,1722.169348
2003/12/21,1702.647566
3/15/21,1722.145056
3/16/21,1736.417706
3/17/21,1731.535493
3/18/21,1724.507116
3/19/21,1734.824693
3/22/21,1736.93059
3/23/21,1728.282884
3/24/21,1731.406996
3/25/21,1739.362349
3/26/21,1733.789928
3/29/21,1707.776996
3/30/21,1688.506477
3/31/21,1698.067087
2004/1/21,1733.488558
2004/6/21,1746.222082
2004/7/21,1733.658841
2004/8/21,1749.122795
2004/9/21,1738.524912
2004/12/21,1731.637338
4/13/21,1747.851987
4/14/21,1739.057092
4/15/21,1758.63295
4/16/21,1773.606048
4/19/21,1772.499656
4/20/21,1772.319218
4/21/21,1795.190413
4/22/21,1786.399525
4/23/21,1781.869161
4/26/21,1773.796587
4/27/21,1788.535376
4/28/21,1775.883332
4/29/21,1767.054618
4/30/21,1769.661421
2005/4/21,1800.460582
2005/5/21,1782.502915
2005/6/21,1810.133536
2005/7/21,1830.842451
2005/10/21,1836.323548
2005/11/21,1822.809743
2005/12/21,1827.672131
5/13/21,1824.0875
5/14/21,1841.644001
5/17/21,1856.844331
5/18/21,1865.447239
5/19/21,1884.194758
5/20/21,1871.624156
5/21/21,1873.978031
5/24/21,1878.138117
5/25/21,1893.160771
5/26/21,1899.740831
5/27/21,1892.419012
5/28/21,1896.488009
2006/1/21,1901.024272
2006/2/21,1902.661854
2006/3/21,1870.769957
2006/4/21,1893.079295
2006/7/21,1894.605084
2006/8/21,1897.276017
2006/9/21,1894.351723
2006/10/21,1889.75759
2006/11/21,1881.717695
6/14/21,1869.466235
6/15/21,1870.443975
6/16/21,1867.608338
6/17/21,1774.539771
6/18/21,1768.583834
6/21/21,1777.454457
6/22/21,1782.315251
6/23/21,1797.68559
6/24/21,1785.175785
6/25/21,1783.475704
6/28/21,1779.067351
6/29/21,1759.942262
6/30/21,1768.24962
2007/1/21,1787.73296
2007/2/21,1788.322652
2007/5/21,1790.10808
2007/6/21,1811.687175
2007/7/21,1808.400404
2007/8/21,1808.270657
2007/9/21,1806.593883
2007/12/21,1794.067183
7/13/21,1817.17654
7/14/21,1824.317873
7/15/21,1825.253246
7/16/21,1820.532573
7/19/21,1815.295589
7/20/21,1823.473207
7/21/21,1807.134791
7/22/21,1803.3466
7/23/21,1803.943506
7/26/21,1804.722688
7/27/21,1802.645815
7/28/21,1798.318629
7/29/21,1828.986562
7/30/21,1825.790471
2008/2/21,1810.301637
2008/3/21,1810.922852
2008/4/21,1831.253846
2008/5/21,1805.098252
2008/6/21,1767.658043
2008/9/21,1745.553062
2008/10/21,1735.604417
2008/11/21,1756.577027
2008/12/21,1755.367164
8/13/21,1774.590396
8/16/21,1779.340587
8/17/21,1783.889633
8/18/21,1776.907963
8/19/21,1782.778685
8/20/21,1780.664647
8/23/21,1806.523356
8/24/21,1808.548315
8/25/21,1788.60473
8/26/21,1783.729125
8/27/21,1800.664185
8/31/21,1818.252914
2009/1/21,1813.13574
2009/2/21,1810.842336
2009/3/21,1821.494065
2009/6/21,1822.128109
2009/7/21,1803.031351
2009/8/21,1790.390399
2009/9/21,1793.221406
2009/10/21,1802.613081
