Date,USD (PM),dis
2016-09-11,1324.6,0 days
2016-09-12,1324.6,1 days
2016-09-13,1323.65,2 days
2016-09-14,1321.75,3 days
2016-09-15,1310.8,4 days
2016-09-16,1308.35,5 days
2016-09-17,1314.85,6 days
2016-09-18,1314.85,7 days
2016-09-19,1314.85,8 days
2016-09-20,1313.8,9 days
2016-09-21,1326.1,10 days
2016-09-22,1339.1,11 days
2016-09-23,1338.65,12 days
2016-09-24,1340.5,13 days
2016-09-25,1340.5,14 days
2016-09-26,1340.5,15 days
2016-09-27,1327.0,16 days
2016-09-28,1322.5,17 days
2016-09-29,1318.1,18 days
2016-09-30,1322.5,19 days
2016-10-01,1313.3,20 days
2016-10-02,1313.3,21 days
2016-10-03,1313.3,22 days
2016-10-04,1283.3,23 days
2016-10-05,1269.4,24 days
2016-10-06,1254.5,25 days
2016-10-07,1258.75,26 days
2016-10-08,1259.5,27 days
2016-10-09,1259.5,28 days
2016-10-10,1259.5,29 days
2016-10-11,1253.45,30 days
2016-10-12,1256.5,31 days
2016-10-13,1261.05,32 days
2016-10-14,1251.75,33 days
2016-10-15,1254.8,34 days
2016-10-16,1254.8,35 days
2016-10-17,1254.8,36 days
2016-10-18,1258.2,37 days
2016-10-19,1269.05,38 days
2016-10-20,1271.65,39 days
2016-10-21,1266.05,40 days
2016-10-22,1265.55,41 days
2016-10-23,1265.55,42 days
2016-10-24,1265.55,43 days
2016-10-25,1269.4,44 days
2016-10-26,1270.5,45 days
2016-10-27,1266.25,46 days
2016-10-28,1273.0,47 days
2016-10-29,1272.0,48 days
2016-10-30,1272.0,49 days
2016-10-31,1272.0,50 days
2016-11-01,1288.45,51 days
2016-11-02,1303.75,52 days
2016-11-03,1301.0,53 days
2016-11-04,1302.8,54 days
2016-11-05,1283.05,55 days
2016-11-06,1283.05,56 days
2016-11-07,1283.05,57 days
2016-11-08,1282.35,58 days
2016-11-09,1281.4,59 days
2016-11-10,1267.5,60 days
2016-11-11,1236.45,61 days
2016-11-12,1213.6,62 days
2016-11-13,1213.6,63 days
2016-11-14,1213.6,64 days
2016-11-15,1226.95,65 days
2016-11-16,1229.2,66 days
2016-11-17,1226.75,67 days
2016-11-18,1211.0,68 days
2016-11-19,1214.25,69 days
2016-11-20,1214.25,70 days
2016-11-21,1214.25,71 days
2016-11-22,1212.25,72 days
2016-11-23,1185.35,73 days
2016-11-24,1186.1,74 days
2016-11-25,1187.7,75 days
2016-11-26,1187.0,76 days
2016-11-27,1187.0,77 days
2016-11-28,1187.0,78 days
2016-11-29,1186.55,79 days
2016-11-30,1178.1,80 days
2016-12-01,1161.85,81 days
2016-12-02,1173.5,82 days
2016-12-03,1162.2,83 days
2016-12-04,1162.2,84 days
2016-12-05,1162.2,85 days
2016-12-06,1172.5,86 days
2016-12-07,1177.65,87 days
2016-12-08,1171.05,88 days
2016-12-09,1163.6,89 days
2016-12-10,1156.1,90 days
2016-12-11,1156.1,91 days
2016-12-12,1156.1,92 days
2016-12-13,1158.55,93 days
2016-12-14,1162.25,94 days
2016-12-15,1126.95,95 days
2016-12-16,1131.6,96 days
2016-12-17,1136.25,97 days
2016-12-18,1136.25,98 days
2016-12-19,1136.25,99 days
2016-12-20,1125.7,100 days
2016-12-21,1133.65,101 days
2016-12-22,1131.35,102 days
2016-12-23,1134.6,103 days
2016-12-24,1134.6,104 days
2016-12-25,1134.6,105 days
2016-12-26,1134.6,106 days
2016-12-27,1134.6,107 days
2016-12-28,1134.6,108 days
2016-12-29,1145.9,109 days
2016-12-30,1151.0,110 days
2016-12-31,1151.0,111 days
2017-01-01,1151.0,112 days
2017-01-02,1151.0,113 days
2017-01-03,1151.0,114 days
2017-01-04,1164.25,115 days
2017-01-05,1176.7,116 days
2017-01-06,1175.85,117 days
2017-01-07,1178.5,118 days
2017-01-08,1178.5,119 days
2017-01-09,1178.5,120 days
2017-01-10,1189.5,121 days
2017-01-11,1178.55,122 days
2017-01-12,1205.05,123 days
2017-01-13,1190.35,124 days
2017-01-14,1203.0,125 days
2017-01-15,1203.0,126 days
2017-01-16,1203.0,127 days
2017-01-17,1216.05,128 days
2017-01-18,1214.75,129 days
2017-01-19,1196.05,130 days
2017-01-20,1200.55,131 days
2017-01-21,1212.85,132 days
2017-01-22,1212.85,133 days
2017-01-23,1212.85,134 days
2017-01-24,1216.8,135 days
2017-01-25,1195.0,136 days
2017-01-26,1189.7,137 days
2017-01-27,1184.85,138 days
2017-01-28,1192.8,139 days
2017-01-29,1192.8,140 days
2017-01-30,1192.8,141 days
2017-01-31,1212.8,142 days
2017-02-01,1203.65,143 days
2017-02-02,1221.95,144 days
2017-02-03,1215.2,145 days
2017-02-04,1226.75,146 days
2017-02-05,1226.75,147 days
2017-02-06,1226.75,148 days
2017-02-07,1231.0,149 days
2017-02-08,1242.1,150 days
2017-02-09,1236.8,151 days
2017-02-10,1228.3,152 days
2017-02-11,1222.25,153 days
2017-02-12,1222.25,154 days
2017-02-13,1222.25,155 days
2017-02-14,1230.75,156 days
2017-02-15,1224.4,157 days
2017-02-16,1240.55,158 days
2017-02-17,1241.95,159 days
2017-02-18,1237.3,160 days
2017-02-19,1237.3,161 days
2017-02-20,1237.3,162 days
2017-02-21,1233.2,163 days
2017-02-22,1236.65,164 days
2017-02-23,1247.9,165 days
2017-02-24,1253.65,166 days
2017-02-25,1257.2,167 days
2017-02-26,1257.2,168 days
2017-02-27,1257.2,169 days
2017-02-28,1255.6,170 days
2017-03-01,1240.4,171 days
2017-03-02,1238.1,172 days
2017-03-03,1226.5,173 days
2017-03-04,1230.95,174 days
2017-03-05,1230.95,175 days
2017-03-06,1230.95,176 days
2017-03-07,1216.65,177 days
2017-03-08,1209.2,178 days
2017-03-09,1206.55,179 days
2017-03-10,1202.65,180 days
2017-03-11,1204.2,181 days
2017-03-12,1204.2,182 days
2017-03-13,1204.2,183 days
2017-03-14,1204.6,184 days
2017-03-15,1198.8,185 days
2017-03-16,1229.35,186 days
2017-03-17,1229.6,187 days
2017-03-18,1232.4,188 days
2017-03-19,1232.4,189 days
2017-03-20,1232.4,190 days
2017-03-21,1241.6,191 days
2017-03-22,1249.05,192 days
2017-03-23,1247.5,193 days
2017-03-24,1247.5,194 days
2017-03-25,1257.55,195 days
2017-03-26,1257.55,196 days
2017-03-27,1257.55,197 days
2017-03-28,1257.25,198 days
2017-03-29,1251.1,199 days
2017-03-30,1248.8,200 days
2017-03-31,1244.85,201 days
2017-04-01,1247.25,202 days
2017-04-02,1247.25,203 days
2017-04-03,1247.25,204 days
2017-04-04,1257.65,205 days
2017-04-05,1245.8,206 days
2017-04-06,1252.5,207 days
2017-04-07,1266.45,208 days
2017-04-08,1250.05,209 days
2017-04-09,1250.05,210 days
2017-04-10,1250.05,211 days
2017-04-11,1252.9,212 days
2017-04-12,1274.3,213 days
2017-04-13,1284.15,214 days
2017-04-14,1278.95,215 days
2017-04-15,1278.95,216 days
2017-04-16,1278.95,217 days
2017-04-17,1278.95,218 days
2017-04-18,1278.95,219 days
2017-04-19,1279.05,220 days
2017-04-20,1282.1,221 days
2017-04-21,1281.85,222 days
2017-04-22,1269.4,223 days
2017-04-23,1269.4,224 days
2017-04-24,1269.4,225 days
2017-04-25,1267.8,226 days
2017-04-26,1261.85,227 days
2017-04-27,1262.8,228 days
2017-04-28,1266.45,229 days
2017-04-29,1255.45,230 days
2017-04-30,1255.45,231 days
2017-05-01,1255.45,232 days
2017-05-02,1255.45,233 days
2017-05-03,1250.3,234 days
2017-05-04,1228.45,235 days
2017-05-05,1228.05,236 days
2017-05-06,1229.8,237 days
2017-05-07,1229.8,238 days
2017-05-08,1229.8,239 days
2017-05-09,1220.4,240 days
2017-05-10,1222.95,241 days
2017-05-11,1223.15,242 days
2017-05-12,1231.25,243 days
2017-05-13,1233.3,244 days
2017-05-14,1233.3,245 days
2017-05-15,1233.3,246 days
2017-05-16,1234.2,247 days
2017-05-17,1257.4,248 days
2017-05-18,1255.9,249 days
2017-05-19,1252.0,250 days
2017-05-20,1258.85,251 days
2017-05-21,1258.85,252 days
2017-05-22,1258.85,253 days
2017-05-23,1260.2,254 days
2017-05-24,1252.55,255 days
2017-05-25,1256.95,256 days
2017-05-26,1265.05,257 days
2017-05-27,1262.7,258 days
2017-05-28,1262.7,259 days
2017-05-29,1262.7,260 days
2017-05-30,1262.7,261 days
2017-05-31,1266.2,262 days
2017-06-01,1264.85,263 days
2017-06-02,1274.95,264 days
2017-06-03,1279.95,265 days
2017-06-04,1279.95,266 days
2017-06-05,1279.95,267 days
2017-06-06,1293.5,268 days
2017-06-07,1291.0,269 days
2017-06-08,1273.1,270 days
2017-06-09,1266.55,271 days
2017-06-10,1266.4,272 days
2017-06-11,1266.4,273 days
2017-06-12,1266.4,274 days
2017-06-13,1262.0,275 days
2017-06-14,1275.5,276 days
2017-06-15,1254.55,277 days
2017-06-16,1255.4,278 days
2017-06-17,1248.15,279 days
2017-06-18,1248.15,280 days
2017-06-19,1248.15,281 days
2017-06-20,1242.2,282 days
2017-06-21,1242.5,283 days
2017-06-22,1250.8,284 days
2017-06-23,1255.7,285 days
2017-06-24,1245.25,286 days
2017-06-25,1245.25,287 days
2017-06-26,1245.25,288 days
2017-06-27,1249.55,289 days
2017-06-28,1248.0,290 days
2017-06-29,1243.5,291 days
2017-06-30,1242.25,292 days
2017-07-01,1229.25,293 days
2017-07-02,1229.25,294 days
2017-07-03,1229.25,295 days
2017-07-04,1223.75,296 days
2017-07-05,1220.3,297 days
2017-07-06,1224.9,298 days
2017-07-07,1215.65,299 days
2017-07-08,1211.9,300 days
2017-07-09,1211.9,301 days
2017-07-10,1211.9,302 days
2017-07-11,1211.05,303 days
2017-07-12,1218.8,304 days
2017-07-13,1218.9,305 days
2017-07-14,1230.3,306 days
2017-07-15,1234.1,307 days
2017-07-16,1234.1,308 days
2017-07-17,1234.1,309 days
2017-07-18,1240.75,310 days
2017-07-19,1242.15,311 days
2017-07-20,1238.7,312 days
2017-07-21,1248.55,313 days
2017-07-22,1255.55,314 days
2017-07-23,1255.55,315 days
2017-07-24,1255.55,316 days
2017-07-25,1254.4,317 days
2017-07-26,1248.1,318 days
2017-07-27,1261.1,319 days
2017-07-28,1264.9,320 days
2017-07-29,1267.55,321 days
2017-07-30,1267.55,322 days
2017-07-31,1267.55,323 days
2017-08-01,1270.95,324 days
2017-08-02,1269.6,325 days
2017-08-03,1268.1,326 days
2017-08-04,1257.7,327 days
2017-08-05,1258.0,328 days
2017-08-06,1258.0,329 days
2017-08-07,1258.0,330 days
2017-08-08,1261.8,331 days
2017-08-09,1271.05,332 days
2017-08-10,1284.4,333 days
2017-08-11,1286.1,334 days
2017-08-12,1282.3,335 days
2017-08-13,1282.3,336 days
2017-08-14,1282.3,337 days
2017-08-15,1270.3,338 days
2017-08-16,1272.75,339 days
2017-08-17,1285.15,340 days
2017-08-18,1295.8,341 days
2017-08-19,1292.9,342 days
2017-08-20,1292.9,343 days
2017-08-21,1292.9,344 days
2017-08-22,1284.2,345 days
2017-08-23,1286.65,346 days
2017-08-24,1289.0,347 days
2017-08-25,1285.3,348 days
2017-08-26,1318.65,349 days
2017-08-27,1318.65,350 days
2017-08-28,1318.65,351 days
2017-08-29,1318.65,352 days
2017-08-30,1308.5,353 days
2017-08-31,1311.75,354 days
2017-09-01,1320.4,355 days
2017-09-02,1333.1,356 days
2017-09-03,1333.1,357 days
2017-09-04,1333.1,358 days
2017-09-05,1335.55,359 days
2017-09-06,1337.85,360 days
2017-09-07,1343.5,361 days
2017-09-08,1346.25,362 days
2017-09-09,1334.2,363 days
2017-09-10,1334.2,364 days
2017-09-11,1334.2,365 days
2017-09-12,1326.5,366 days
2017-09-13,1327.55,367 days
2017-09-14,1324.55,368 days
2017-09-15,1322.85,369 days
2017-09-16,1312.1,370 days
2017-09-17,1312.1,371 days
2017-09-18,1312.1,372 days
2017-09-19,1309.6,373 days
2017-09-20,1311.3,374 days
2017-09-21,1292.1,375 days
2017-09-22,1294.8,376 days
2017-09-23,1293.3,377 days
2017-09-24,1293.3,378 days
2017-09-25,1293.3,379 days
2017-09-26,1300.05,380 days
2017-09-27,1282.55,381 days
2017-09-28,1283.35,382 days
2017-09-29,1283.1,383 days
2017-09-30,1273.7,384 days
2017-10-01,1273.7,385 days
2017-10-02,1273.7,386 days
2017-10-03,1271.25,387 days
2017-10-04,1274.25,388 days
2017-10-05,1274.5,389 days
2017-10-06,1261.8,390 days
2017-10-07,1278.75,391 days
2017-10-08,1278.75,392 days
2017-10-09,1278.75,393 days
2017-10-10,1291.4,394 days
2017-10-11,1289.25,395 days
2017-10-12,1290.25,396 days
2017-10-13,1299.6,397 days
2017-10-14,1303.3,398 days
2017-10-15,1303.3,399 days
2017-10-16,1303.3,400 days
2017-10-17,1284.75,401 days
2017-10-18,1280.2,402 days
2017-10-19,1286.4,403 days
2017-10-20,1281.2,404 days
2017-10-21,1274.9,405 days
2017-10-22,1274.9,406 days
2017-10-23,1274.9,407 days
2017-10-24,1276.45,408 days
2017-10-25,1275.0,409 days
2017-10-26,1273.75,410 days
2017-10-27,1266.45,411 days
2017-10-28,1272.0,412 days
2017-10-29,1272.0,413 days
2017-10-30,1272.0,414 days
2017-10-31,1270.15,415 days
2017-11-01,1277.05,416 days
2017-11-02,1279.2,417 days
2017-11-03,1267.2,418 days
2017-11-04,1270.9,419 days
2017-11-05,1270.9,420 days
2017-11-06,1270.9,421 days
2017-11-07,1275.6,422 days
2017-11-08,1284.0,423 days
2017-11-09,1284.8,424 days
2017-11-10,1284.3,425 days
2017-11-11,1277.95,426 days
2017-11-12,1277.95,427 days
2017-11-13,1277.95,428 days
2017-11-14,1274.6,429 days
2017-11-15,1282.2,430 days
2017-11-16,1280.0,431 days
2017-11-17,1284.35,432 days
2017-11-18,1286.2,433 days
2017-11-19,1286.2,434 days
2017-11-20,1286.2,435 days
2017-11-21,1283.3,436 days
2017-11-22,1286.95,437 days
2017-11-23,1290.35,438 days
2017-11-24,1290.5,439 days
2017-11-25,1294.9,440 days
2017-11-26,1294.9,441 days
2017-11-27,1294.9,442 days
2017-11-28,1291.85,443 days
2017-11-29,1283.85,444 days
2017-11-30,1280.2,445 days
2017-12-01,1275.5,446 days
2017-12-02,1273.45,447 days
2017-12-03,1273.45,448 days
2017-12-04,1273.45,449 days
2017-12-05,1266.3,450 days
2017-12-06,1263.7,451 days
2017-12-07,1255.0,452 days
2017-12-08,1250.65,453 days
2017-12-09,1247.15,454 days
2017-12-10,1247.15,455 days
2017-12-11,1247.15,456 days
2017-12-12,1240.9,457 days
2017-12-13,1242.65,458 days
2017-12-14,1251.0,459 days
2017-12-15,1254.6,460 days
2017-12-16,1260.6,461 days
2017-12-17,1260.6,462 days
2017-12-18,1260.6,463 days
2017-12-19,1260.35,464 days
2017-12-20,1264.55,465 days
2017-12-21,1264.55,466 days
2017-12-22,1279.4,467 days
2017-12-23,1279.4,468 days
2017-12-24,1279.4,469 days
2017-12-25,1279.4,470 days
2017-12-26,1279.4,471 days
2017-12-27,1279.4,472 days
2017-12-28,1291.0,473 days
2017-12-29,1312.05,474 days
2017-12-30,1312.05,475 days
2017-12-31,1312.05,476 days
2018-01-01,1312.05,477 days
2018-01-02,1312.05,478 days
2018-01-03,1314.9,479 days
2018-01-04,1314.5,480 days
2018-01-05,1317.15,481 days
2018-01-06,1319.95,482 days
2018-01-07,1319.95,483 days
2018-01-08,1319.95,484 days
2018-01-09,1311.0,485 days
2018-01-10,1319.75,486 days
2018-01-11,1323.05,487 days
2018-01-12,1326.8,488 days
2018-01-13,1339.25,489 days
2018-01-14,1339.25,490 days
2018-01-15,1339.25,491 days
2018-01-16,1333.85,492 days
2018-01-17,1335.65,493 days
2018-01-18,1332.2,494 days
2018-01-19,1334.95,495 days
2018-01-20,1332.6,496 days
2018-01-21,1332.6,497 days
2018-01-22,1332.6,498 days
2018-01-23,1333.4,499 days
2018-01-24,1353.7,500 days
2018-01-25,1354.95,501 days
2018-01-26,1353.15,502 days
2018-01-27,1343.85,503 days
2018-01-28,1343.85,504 days
2018-01-29,1343.85,505 days
2018-01-30,1344.9,506 days
2018-01-31,1345.05,507 days
2018-02-01,1341.35,508 days
2018-02-02,1331.15,509 days
2018-02-03,1333.6,510 days
2018-02-04,1333.6,511 days
2018-02-05,1333.6,512 days
2018-02-06,1331.4,513 days
2018-02-07,1324.65,514 days
2018-02-08,1315.45,515 days
2018-02-09,1314.1,516 days
2018-02-10,1322.3,517 days
2018-02-11,1322.3,518 days
2018-02-12,1322.3,519 days
2018-02-13,1325.35,520 days
2018-02-14,1336.25,521 days
2018-02-15,1352.45,522 days
2018-02-16,1352.1,523 days
2018-02-17,1346.6,524 days
2018-02-18,1346.6,525 days
2018-02-19,1346.6,526 days
2018-02-20,1339.85,527 days
2018-02-21,1330.5,528 days
2018-02-22,1328.35,529 days
2018-02-23,1327.95,530 days
2018-02-24,1333.5,531 days
2018-02-25,1333.5,532 days
2018-02-26,1333.5,533 days
2018-02-27,1325.75,534 days
2018-02-28,1317.85,535 days
2018-03-01,1307.75,536 days
2018-03-02,1322.3,537 days
2018-03-03,1320.4,538 days
2018-03-04,1320.4,539 days
2018-03-05,1320.4,540 days
2018-03-06,1331.4,541 days
2018-03-07,1329.4,542 days
2018-03-08,1321.0,543 days
2018-03-09,1320.6,544 days
2018-03-10,1319.15,545 days
2018-03-11,1319.15,546 days
2018-03-12,1319.15,547 days
2018-03-13,1322.75,548 days
2018-03-14,1323.55,549 days
2018-03-15,1318.75,550 days
2018-03-16,1310.1,551 days
2018-03-17,1312.4,552 days
2018-03-18,1312.4,553 days
2018-03-19,1312.4,554 days
2018-03-20,1311.0,555 days
2018-03-21,1321.35,556 days
2018-03-22,1329.15,557 days
2018-03-23,1346.6,558 days
2018-03-24,1352.4,559 days
2018-03-25,1352.4,560 days
2018-03-26,1352.4,561 days
2018-03-27,1341.45,562 days
2018-03-28,1332.45,563 days
2018-03-29,1323.85,564 days
2018-03-30,1333.45,565 days
2018-03-31,1333.45,566 days
2018-04-01,1333.45,567 days
2018-04-02,1333.45,568 days
2018-04-03,1333.45,569 days
2018-04-04,1337.3,570 days
2018-04-05,1327.7,571 days
2018-04-06,1331.2,572 days
2018-04-07,1331.95,573 days
2018-04-08,1331.95,574 days
2018-04-09,1331.95,575 days
2018-04-10,1338.95,576 days
2018-04-11,1350.75,577 days
2018-04-12,1341.35,578 days
2018-04-13,1343.7,579 days
2018-04-14,1349.35,580 days
2018-04-15,1349.35,581 days
2018-04-16,1349.35,582 days
2018-04-17,1342.1,583 days
2018-04-18,1351.45,584 days
2018-04-19,1348.6,585 days
2018-04-20,1336.75,586 days
2018-04-21,1324.3,587 days
2018-04-22,1324.3,588 days
2018-04-23,1324.3,589 days
2018-04-24,1328.85,590 days
2018-04-25,1321.65,591 days
2018-04-26,1320.7,592 days
2018-04-27,1321.5,593 days
2018-04-28,1313.2,594 days
2018-04-29,1313.2,595 days
2018-04-30,1313.2,596 days
2018-05-01,1307.1,597 days
2018-05-02,1304.2,598 days
2018-05-03,1315.05,599 days
2018-05-04,1309.4,600 days
2018-05-05,1306.6,601 days
2018-05-06,1306.6,602 days
2018-05-07,1306.6,603 days
2018-05-08,1306.6,604 days
2018-05-09,1313.85,605 days
2018-05-10,1318.8,606 days
2018-05-11,1324.35,607 days
2018-05-12,1319.85,608 days
2018-05-13,1319.85,609 days
2018-05-14,1319.85,610 days
2018-05-15,1295.0,611 days
2018-05-16,1291.25,612 days
2018-05-17,1289.5,613 days
2018-05-18,1288.3,614 days
2018-05-19,1288.35,615 days
2018-05-20,1288.35,616 days
2018-05-21,1288.35,617 days
2018-05-22,1293.05,618 days
2018-05-23,1289.0,619 days
2018-05-24,1304.85,620 days
2018-05-25,1303.5,621 days
2018-05-26,1295.5,622 days
2018-05-27,1295.5,623 days
2018-05-28,1295.5,624 days
2018-05-29,1295.5,625 days
2018-05-30,1300.7,626 days
2018-05-31,1305.35,627 days
2018-06-01,1294.6,628 days
2018-06-02,1295.45,629 days
2018-06-03,1295.45,630 days
2018-06-04,1295.45,631 days
2018-06-05,1292.05,632 days
2018-06-06,1300.1,633 days
2018-06-07,1297.25,634 days
2018-06-08,1298.25,635 days
2018-06-09,1299.6,636 days
2018-06-10,1299.6,637 days
2018-06-11,1299.6,638 days
2018-06-12,1298.65,639 days
2018-06-13,1296.15,640 days
2018-06-14,1302.75,641 days
2018-06-15,1285.25,642 days
2018-06-16,1281.55,643 days
2018-06-17,1281.55,644 days
2018-06-18,1281.55,645 days
2018-06-19,1276.15,646 days
2018-06-20,1274.2,647 days
2018-06-21,1266.15,648 days
2018-06-22,1269.15,649 days
2018-06-23,1268.7,650 days
2018-06-24,1268.7,651 days
2018-06-25,1268.7,652 days
2018-06-26,1260.3,653 days
2018-06-27,1254.6,654 days
2018-06-28,1251.55,655 days
2018-06-29,1250.45,656 days
2018-06-30,1247.8,657 days
2018-07-01,1247.8,658 days
2018-07-02,1247.8,659 days
2018-07-03,1251.75,660 days
2018-07-04,1255.65,661 days
2018-07-05,1255.5,662 days
2018-07-06,1255.35,663 days
2018-07-07,1262.05,664 days
2018-07-08,1262.05,665 days
2018-07-09,1262.05,666 days
2018-07-10,1254.0,667 days
2018-07-11,1251.4,668 days
2018-07-12,1245.9,669 days
2018-07-13,1241.7,670 days
2018-07-14,1241.1,671 days
2018-07-15,1241.1,672 days
2018-07-16,1241.1,673 days
2018-07-17,1232.8,674 days
2018-07-18,1224.5,675 days
2018-07-19,1217.55,676 days
2018-07-20,1228.75,677 days
2018-07-21,1224.95,678 days
2018-07-22,1224.95,679 days
2018-07-23,1224.95,680 days
2018-07-24,1228.35,681 days
2018-07-25,1231.5,682 days
2018-07-26,1228.25,683 days
2018-07-27,1223.95,684 days
2018-07-28,1223.8,685 days
2018-07-29,1223.8,686 days
2018-07-30,1223.8,687 days
2018-07-31,1220.95,688 days
2018-08-01,1219.0,689 days
2018-08-02,1215.45,690 days
2018-08-03,1216.3,691 days
2018-08-04,1209.65,692 days
2018-08-05,1209.65,693 days
2018-08-06,1209.65,694 days
2018-08-07,1212.35,695 days
2018-08-08,1209.55,696 days
2018-08-09,1214.35,697 days
2018-08-10,1214.4,698 days
2018-08-11,1200.35,699 days
2018-08-12,1200.35,700 days
2018-08-13,1200.35,701 days
2018-08-14,1197.0,702 days
2018-08-15,1182.0,703 days
2018-08-16,1180.4,704 days
2018-08-17,1178.4,705 days
2018-08-18,1184.35,706 days
2018-08-19,1184.35,707 days
2018-08-20,1184.35,708 days
2018-08-21,1190.95,709 days
2018-08-22,1196.65,710 days
2018-08-23,1192.35,711 days
2018-08-24,1197.7,712 days
2018-08-25,1212.25,713 days
2018-08-26,1212.25,714 days
2018-08-27,1212.25,715 days
2018-08-28,1212.25,716 days
2018-08-29,1204.2,717 days
2018-08-30,1197.3,718 days
2018-08-31,1202.45,719 days
2018-09-01,1200.05,720 days
2018-09-02,1200.05,721 days
2018-09-03,1200.05,722 days
2018-09-04,1190.85,723 days
2018-09-05,1196.7,724 days
2018-09-06,1205.15,725 days
2018-09-07,1198.9,726 days
2018-09-08,1196.6,727 days
2018-09-09,1196.6,728 days
2018-09-10,1196.6,729 days
2018-09-11,1189.85,730 days
2018-09-12,1195.6,731 days
2018-09-13,1209.8,732 days
2018-09-14,1201.95,733 days
2018-09-15,1201.9,734 days
2018-09-16,1201.9,735 days
2018-09-17,1201.9,736 days
2018-09-18,1200.2,737 days
2018-09-19,1203.3,738 days
2018-09-20,1208.35,739 days
2018-09-21,1198.7,740 days
2018-09-22,1202.75,741 days
2018-09-23,1202.75,742 days
2018-09-24,1202.75,743 days
2018-09-25,1201.9,744 days
2018-09-26,1194.25,745 days
2018-09-27,1185.4,746 days
2018-09-28,1187.25,747 days
2018-09-29,1189.35,748 days
2018-09-30,1189.35,749 days
2018-10-01,1189.35,750 days
2018-10-02,1204.7,751 days
2018-10-03,1201.2,752 days
2018-10-04,1203.45,753 days
2018-10-05,1203.8,754 days
2018-10-06,1186.95,755 days
2018-10-07,1186.95,756 days
2018-10-08,1186.95,757 days
2018-10-09,1185.55,758 days
2018-10-10,1188.6,759 days
2018-10-11,1205.55,760 days
2018-10-12,1219.75,761 days
2018-10-13,1229.95,762 days
2018-10-14,1229.95,763 days
2018-10-15,1229.95,764 days
2018-10-16,1230.7,765 days
2018-10-17,1229.05,766 days
2018-10-18,1223.0,767 days
2018-10-19,1227.85,768 days
2018-10-20,1222.3,769 days
2018-10-21,1222.3,770 days
2018-10-22,1222.3,771 days
2018-10-23,1235.95,772 days
2018-10-24,1230.55,773 days
2018-10-25,1230.8,774 days
2018-10-26,1233.85,775 days
2018-10-27,1230.8,776 days
2018-10-28,1230.8,777 days
2018-10-29,1230.8,778 days
2018-10-30,1225.4,779 days
2018-10-31,1214.95,780 days
2018-11-01,1231.15,781 days
2018-11-02,1232.1,782 days
2018-11-03,1232.25,783 days
2018-11-04,1232.25,784 days
2018-11-05,1232.25,785 days
2018-11-06,1231.6,786 days
2018-11-07,1229.95,787 days
2018-11-08,1224.15,788 days
2018-11-09,1211.4,789 days
2018-11-10,1205.55,790 days
2018-11-11,1205.55,791 days
2018-11-12,1205.55,792 days
2018-11-13,1202.1,793 days
2018-11-14,1203.25,794 days
2018-11-15,1211.85,795 days
2018-11-16,1222.4,796 days
2018-11-17,1221.6,797 days
2018-11-18,1221.6,798 days
2018-11-19,1221.6,799 days
2018-11-20,1223.0,800 days
2018-11-21,1226.1,801 days
2018-11-22,1227.05,802 days
2018-11-23,1223.65,803 days
2018-11-24,1223.4,804 days
2018-11-25,1223.4,805 days
2018-11-26,1223.4,806 days
2018-11-27,1221.2,807 days
2018-11-28,1213.25,808 days
2018-11-29,1226.25,809 days
2018-11-30,1217.55,810 days
2018-12-01,1230.3,811 days
2018-12-02,1230.3,812 days
2018-12-03,1230.3,813 days
2018-12-04,1240.3,814 days
2018-12-05,1235.9,815 days
2018-12-06,1242.55,816 days
2018-12-07,1243.3,817 days
2018-12-08,1245.35,818 days
2018-12-09,1245.35,819 days
2018-12-10,1245.35,820 days
2018-12-11,1245.3,821 days
2018-12-12,1245.75,822 days
2018-12-13,1242.75,823 days
2018-12-14,1235.35,824 days
2018-12-15,1241.65,825 days
2018-12-16,1241.65,826 days
2018-12-17,1241.65,827 days
2018-12-18,1246.3,828 days
2018-12-19,1255.0,829 days
2018-12-20,1259.75,830 days
2018-12-21,1258.15,831 days
2018-12-22,1268.0,832 days
2018-12-23,1268.0,833 days
2018-12-24,1268.0,834 days
2018-12-25,1268.0,835 days
2018-12-26,1268.0,836 days
2018-12-27,1268.0,837 days
2018-12-28,1279.0,838 days
2018-12-29,1282.9,839 days
2018-12-30,1282.9,840 days
2018-12-31,1282.9,841 days
2019-01-01,1282.9,842 days
2019-01-02,1282.9,843 days
2019-01-03,1290.45,844 days
2019-01-04,1279.9,845 days
2019-01-05,1292.2,846 days
2019-01-06,1292.2,847 days
2019-01-07,1292.2,848 days
2019-01-08,1286.45,849 days
2019-01-09,1288.6,850 days
2019-01-10,1291.9,851 days
2019-01-11,1288.95,852 days
2019-01-12,1292.75,853 days
2019-01-13,1292.75,854 days
2019-01-14,1292.75,855 days
2019-01-15,1294.4,856 days
2019-01-16,1292.3,857 days
2019-01-17,1290.7,858 days
2019-01-18,1284.2,859 days
2019-01-19,1279.55,860 days
2019-01-20,1279.55,861 days
2019-01-21,1279.55,862 days
2019-01-22,1282.1,863 days
2019-01-23,1279.8,864 days
2019-01-24,1283.7,865 days
2019-01-25,1293.9,866 days
2019-01-26,1302.15,867 days
2019-01-27,1302.15,868 days
2019-01-28,1302.15,869 days
2019-01-29,1307.55,870 days
2019-01-30,1310.7,871 days
2019-01-31,1323.25,872 days
2019-02-01,1318.7,873 days
2019-02-02,1312.15,874 days
2019-02-03,1312.15,875 days
2019-02-04,1312.15,876 days
2019-02-05,1314.2,877 days
2019-02-06,1312.4,878 days
2019-02-07,1310.0,879 days
2019-02-08,1314.85,880 days
2019-02-09,1306.4,881 days
2019-02-10,1306.4,882 days
2019-02-11,1306.4,883 days
2019-02-12,1310.0,884 days
2019-02-13,1312.8,885 days
2019-02-14,1311.45,886 days
2019-02-15,1316.55,887 days
2019-02-16,1325.5,888 days
2019-02-17,1325.5,889 days
2019-02-18,1325.5,890 days
2019-02-19,1334.15,891 days
2019-02-20,1343.75,892 days
2019-02-21,1331.25,893 days
2019-02-22,1329.05,894 days
2019-02-23,1331.05,895 days
2019-02-24,1331.05,896 days
2019-02-25,1331.05,897 days
2019-02-26,1325.05,898 days
2019-02-27,1322.85,899 days
2019-02-28,1319.15,900 days
2019-03-01,1311.95,901 days
2019-03-02,1285.4,902 days
2019-03-03,1285.4,903 days
2019-03-04,1285.4,904 days
2019-03-05,1283.8,905 days
2019-03-06,1285.85,906 days
2019-03-07,1285.3,907 days
2019-03-08,1296.75,908 days
2019-03-09,1292.75,909 days
2019-03-10,1292.75,910 days
2019-03-11,1292.75,911 days
2019-03-12,1297.05,912 days
2019-03-13,1306.95,913 days
2019-03-14,1295.55,914 days
2019-03-15,1303.5,915 days
2019-03-16,1305.6,916 days
2019-03-17,1305.6,917 days
2019-03-18,1305.6,918 days
2019-03-19,1307.7,919 days
2019-03-20,1303.7,920 days
2019-03-21,1309.6,921 days
2019-03-22,1311.3,922 days
2019-03-23,1319.55,923 days
2019-03-24,1319.55,924 days
2019-03-25,1319.55,925 days
2019-03-26,1316.3,926 days
2019-03-27,1309.7,927 days
2019-03-28,1295.15,928 days
2019-03-29,1295.4,929 days
2019-03-30,1293.5,930 days
2019-03-31,1293.5,931 days
2019-04-01,1293.5,932 days
2019-04-02,1290.3,933 days
2019-04-03,1290.45,934 days
2019-04-04,1283.15,935 days
2019-04-05,1288.45,936 days
2019-04-06,1300.0,937 days
2019-04-07,1300.0,938 days
2019-04-08,1300.0,939 days
2019-04-09,1303.0,940 days
2019-04-10,1305.45,941 days
2019-04-11,1298.8,942 days
2019-04-12,1294.3,943 days
2019-04-13,1285.65,944 days
2019-04-14,1285.65,945 days
2019-04-15,1285.65,946 days
2019-04-16,1276.35,947 days
2019-04-17,1275.85,948 days
2019-04-18,1275.7,949 days
2019-04-19,1269.5,950 days
2019-04-20,1269.5,951 days
2019-04-21,1269.5,952 days
2019-04-22,1269.5,953 days
2019-04-23,1269.5,954 days
2019-04-24,1271.65,955 days
2019-04-25,1280.8,956 days
2019-04-26,1284.2,957 days
2019-04-27,1279.5,958 days
2019-04-28,1279.5,959 days
2019-04-29,1279.5,960 days
2019-04-30,1282.3,961 days
2019-05-01,1283.8,962 days
2019-05-02,1270.95,963 days
2019-05-03,1278.55,964 days
2019-05-04,1281.2,965 days
2019-05-05,1281.2,966 days
2019-05-06,1281.2,967 days
2019-05-07,1281.2,968 days
2019-05-08,1285.2,969 days
2019-05-09,1286.1,970 days
2019-05-10,1287.1,971 days
2019-05-11,1295.6,972 days
2019-05-12,1295.6,973 days
2019-05-13,1295.6,974 days
2019-05-14,1298.4,975 days
2019-05-15,1299.1,976 days
2019-05-16,1291.7,977 days
2019-05-17,1280.8,978 days
2019-05-18,1276.85,979 days
2019-05-19,1276.85,980 days
2019-05-20,1276.85,981 days
2019-05-21,1271.15,982 days
2019-05-22,1273.8,983 days
2019-05-23,1283.65,984 days
2019-05-24,1282.5,985 days
2019-05-25,1278.3,986 days
2019-05-26,1278.3,987 days
2019-05-27,1278.3,988 days
2019-05-28,1278.3,989 days
2019-05-29,1281.65,990 days
2019-05-30,1280.95,991 days
2019-05-31,1295.55,992 days
2019-06-01,1317.1,993 days
2019-06-02,1317.1,994 days
2019-06-03,1317.1,995 days
2019-06-04,1324.25,996 days
2019-06-05,1335.05,997 days
2019-06-06,1335.5,998 days
2019-06-07,1340.65,999 days
2019-06-08,1328.6,1000 days
2019-06-09,1328.6,1001 days
2019-06-10,1328.6,1002 days
2019-06-11,1324.3,1003 days
2019-06-12,1332.35,1004 days
2019-06-13,1335.9,1005 days
2019-06-14,1351.25,1006 days
2019-06-15,1341.3,1007 days
2019-06-16,1341.3,1008 days
2019-06-17,1341.3,1009 days
2019-06-18,1341.35,1010 days
2019-06-19,1344.05,1011 days
2019-06-20,1379.5,1012 days
2019-06-21,1397.15,1013 days
2019-06-22,1405.7,1014 days
2019-06-23,1405.7,1015 days
2019-06-24,1405.7,1016 days
2019-06-25,1431.4,1017 days
2019-06-26,1403.95,1018 days
2019-06-27,1402.5,1019 days
2019-06-28,1409.0,1020 days
2019-06-29,1390.1,1021 days
2019-06-30,1390.1,1022 days
2019-07-01,1390.1,1023 days
2019-07-02,1391.05,1024 days
2019-07-03,1413.5,1025 days
2019-07-04,1414.9,1026 days
2019-07-05,1388.65,1027 days
2019-07-06,1400.1,1028 days
2019-07-07,1400.1,1029 days
2019-07-08,1400.1,1030 days
2019-07-09,1391.55,1031 days
2019-07-10,1408.3,1032 days
2019-07-11,1413.75,1033 days
2019-07-12,1407.6,1034 days
2019-07-13,1412.4,1035 days
2019-07-14,1412.4,1036 days
2019-07-15,1412.4,1037 days
2019-07-16,1409.85,1038 days
2019-07-17,1410.35,1039 days
2019-07-18,1417.45,1040 days
2019-07-19,1439.7,1041 days
2019-07-20,1427.75,1042 days
2019-07-21,1427.75,1043 days
2019-07-22,1427.75,1044 days
2019-07-23,1425.55,1045 days
2019-07-24,1426.95,1046 days
2019-07-25,1416.1,1047 days
2019-07-26,1420.4,1048 days
2019-07-27,1419.05,1049 days
2019-07-28,1419.05,1050 days
2019-07-29,1419.05,1051 days
2019-07-30,1425.9,1052 days
2019-07-31,1427.55,1053 days
2019-08-01,1406.8,1054 days
2019-08-02,1441.75,1055 days
2019-08-03,1465.25,1056 days
2019-08-04,1465.25,1057 days
2019-08-05,1465.25,1058 days
2019-08-06,1465.25,1059 days
2019-08-07,1506.05,1060 days
2019-08-08,1495.75,1061 days
2019-08-09,1497.7,1062 days
2019-08-10,1504.7,1063 days
2019-08-11,1504.7,1064 days
2019-08-12,1504.7,1065 days
2019-08-13,1498.4,1066 days
2019-08-14,1513.25,1067 days
2019-08-15,1515.65,1068 days
2019-08-16,1515.25,1069 days
2019-08-17,1496.6,1070 days
2019-08-18,1496.6,1071 days
2019-08-19,1496.6,1072 days
2019-08-20,1504.55,1073 days
2019-08-21,1503.25,1074 days
2019-08-22,1502.05,1075 days
2019-08-23,1503.8,1076 days
2019-08-24,1532.95,1077 days
2019-08-25,1532.95,1078 days
2019-08-26,1532.95,1079 days
2019-08-27,1532.95,1080 days
2019-08-28,1537.15,1081 days
2019-08-29,1540.2,1082 days
2019-08-30,1528.4,1083 days
2019-08-31,1525.95,1084 days
2019-09-01,1525.95,1085 days
2019-09-02,1525.95,1086 days
2019-09-03,1537.85,1087 days
2019-09-04,1546.1,1088 days
2019-09-05,1529.1,1089 days
2019-09-06,1523.7,1090 days
2019-09-07,1509.2,1091 days
2019-09-08,1509.2,1092 days
2019-09-09,1509.2,1093 days
2019-09-10,1498.25,1094 days
2019-09-11,1490.65,1095 days
2019-09-12,1515.2,1096 days
2019-09-13,1503.1,1097 days
2019-09-14,1497.2,1098 days
2019-09-15,1497.2,1099 days
2019-09-16,1497.2,1100 days
2019-09-17,1502.1,1101 days
2019-09-18,1503.5,1102 days
2019-09-19,1500.7,1103 days
2019-09-20,1501.9,1104 days
2019-09-21,1522.1,1105 days
2019-09-22,1522.1,1106 days
2019-09-23,1522.1,1107 days
2019-09-24,1520.65,1108 days
2019-09-25,1528.75,1109 days
2019-09-26,1506.4,1110 days
2019-09-27,1489.9,1111 days
2019-09-28,1485.3,1112 days
2019-09-29,1485.3,1113 days
2019-09-30,1485.3,1114 days
2019-10-01,1473.45,1115 days
2019-10-02,1492.6,1116 days
2019-10-03,1517.1,1117 days
2019-10-04,1499.15,1118 days
2019-10-05,1501.25,1119 days
2019-10-06,1501.25,1120 days
2019-10-07,1501.25,1121 days
2019-10-08,1505.85,1122 days
2019-10-09,1507.25,1123 days
2019-10-10,1494.8,1124 days
2019-10-11,1479.15,1125 days
2019-10-12,1490.6,1126 days
2019-10-13,1490.6,1127 days
2019-10-14,1490.6,1128 days
2019-10-15,1487.8,1129 days
2019-10-16,1485.1,1130 days
2019-10-17,1492.65,1131 days
2019-10-18,1490.0,1132 days
2019-10-19,1491.65,1133 days
2019-10-20,1491.65,1134 days
2019-10-21,1491.65,1135 days
2019-10-22,1485.35,1136 days
2019-10-23,1494.45,1137 days
2019-10-24,1496.55,1138 days
2019-10-25,1513.45,1139 days
2019-10-26,1492.4,1140 days
2019-10-27,1492.4,1141 days
2019-10-28,1492.4,1142 days
2019-10-29,1486.75,1143 days
2019-10-30,1492.1,1144 days
2019-10-31,1510.95,1145 days
2019-11-01,1508.8,1146 days
2019-11-02,1509.45,1147 days
2019-11-03,1509.45,1148 days
2019-11-04,1509.45,1149 days
2019-11-05,1488.95,1150 days
2019-11-06,1486.05,1151 days
2019-11-07,1484.25,1152 days
2019-11-08,1464.15,1153 days
2019-11-09,1458.7,1154 days
2019-11-10,1458.7,1155 days
2019-11-11,1458.7,1156 days
2019-11-12,1452.05,1157 days
2019-11-13,1462.9,1158 days
2019-11-14,1466.65,1159 days
2019-11-15,1466.9,1160 days
2019-11-16,1467.65,1161 days
2019-11-17,1467.65,1162 days
2019-11-18,1467.65,1163 days
2019-11-19,1468.45,1164 days
2019-11-20,1471.7,1165 days
2019-11-21,1467.05,1166 days
2019-11-22,1464.45,1167 days
2019-11-23,1458.4,1168 days
2019-11-24,1458.4,1169 days
2019-11-25,1458.4,1170 days
2019-11-26,1454.65,1171 days
2019-11-27,1454.35,1172 days
2019-11-28,1454.65,1173 days
2019-11-29,1460.15,1174 days
2019-11-30,1461.15,1175 days
2019-12-01,1461.15,1176 days
2019-12-02,1461.15,1177 days
2019-12-03,1477.3,1178 days
2019-12-04,1475.1,1179 days
2019-12-05,1475.95,1180 days
2019-12-06,1459.65,1181 days
2019-12-07,1461.7,1182 days
2019-12-08,1461.7,1183 days
2019-12-09,1461.7,1184 days
2019-12-10,1464.95,1185 days
2019-12-11,1466.8,1186 days
2019-12-12,1467.8,1187 days
2019-12-13,1466.6,1188 days
2019-12-14,1477.9,1189 days
2019-12-15,1477.9,1190 days
2019-12-16,1477.9,1191 days
2019-12-17,1475.8,1192 days
2019-12-18,1474.05,1193 days
2019-12-19,1476.7,1194 days
2019-12-20,1479.0,1195 days
2019-12-21,1482.1,1196 days
2019-12-22,1482.1,1197 days
2019-12-23,1482.1,1198 days
2019-12-24,1511.5,1199 days
2019-12-25,1511.5,1200 days
2019-12-26,1511.5,1201 days
2019-12-27,1511.5,1202 days
2019-12-28,1514.75,1203 days
2019-12-29,1514.75,1204 days
2019-12-30,1514.75,1205 days
2019-12-31,1527.1,1206 days
2020-01-01,1527.1,1207 days
2020-01-02,1527.1,1208 days
2020-01-03,1548.75,1209 days
2020-01-04,1573.1,1210 days
2020-01-05,1573.1,1211 days
2020-01-06,1573.1,1212 days
2020-01-07,1567.85,1213 days
2020-01-08,1571.95,1214 days
2020-01-09,1550.75,1215 days
2020-01-10,1553.6,1216 days
2020-01-11,1549.9,1217 days
2020-01-12,1549.9,1218 days
2020-01-13,1549.9,1219 days
2020-01-14,1545.1,1220 days
2020-01-15,1549.0,1221 days
2020-01-16,1554.55,1222 days
2020-01-17,1557.6,1223 days
2020-01-18,1560.15,1224 days
2020-01-19,1560.15,1225 days
2020-01-20,1560.15,1226 days
2020-01-21,1551.3,1227 days
2020-01-22,1556.9,1228 days
2020-01-23,1562.9,1229 days
2020-01-24,1564.3,1230 days
2020-01-25,1580.1,1231 days
2020-01-26,1580.1,1232 days
2020-01-27,1580.1,1233 days
2020-01-28,1574.0,1234 days
2020-01-29,1573.45,1235 days
2020-01-30,1578.25,1236 days
2020-01-31,1584.2,1237 days
2020-02-01,1574.75,1238 days
2020-02-02,1574.75,1239 days
2020-02-03,1574.75,1240 days
2020-02-04,1558.35,1241 days
2020-02-05,1553.3,1242 days
2020-02-06,1563.3,1243 days
2020-02-07,1572.65,1244 days
2020-02-08,1573.2,1245 days
2020-02-09,1573.2,1246 days
2020-02-10,1573.2,1247 days
2020-02-11,1570.5,1248 days
2020-02-12,1563.7,1249 days
2020-02-13,1575.05,1250 days
2020-02-14,1581.4,1251 days
2020-02-15,1580.8,1252 days
2020-02-16,1580.8,1253 days
2020-02-17,1580.8,1254 days
2020-02-18,1589.85,1255 days
2020-02-19,1604.2,1256 days
2020-02-20,1619.0,1257 days
2020-02-21,1643.3,1258 days
2020-02-22,1671.65,1259 days
2020-02-23,1671.65,1260 days
2020-02-24,1671.65,1261 days
2020-02-25,1650.3,1262 days
2020-02-26,1634.9,1263 days
2020-02-27,1652.0,1264 days
2020-02-28,1609.85,1265 days
2020-02-29,1599.65,1266 days
2020-03-01,1599.65,1267 days
2020-03-02,1599.65,1268 days
2020-03-03,1615.5,1269 days
2020-03-04,1641.85,1270 days
2020-03-05,1659.6,1271 days
2020-03-06,1683.65,1272 days
2020-03-07,1672.5,1273 days
2020-03-08,1672.5,1274 days
2020-03-09,1672.5,1275 days
2020-03-10,1655.7,1276 days
2020-03-11,1653.75,1277 days
2020-03-12,1570.7,1278 days
2020-03-13,1562.8,1279 days
2020-03-14,1487.7,1280 days
2020-03-15,1487.7,1281 days
2020-03-16,1487.7,1282 days
2020-03-17,1536.2,1283 days
2020-03-18,1498.2,1284 days
2020-03-19,1474.25,1285 days
2020-03-20,1494.4,1286 days
2020-03-21,1525.4,1287 days
2020-03-22,1525.4,1288 days
2020-03-23,1525.4,1289 days
2020-03-24,1605.75,1290 days
2020-03-25,1605.45,1291 days
2020-03-26,1634.8,1292 days
2020-03-27,1617.3,1293 days
2020-03-28,1618.3,1294 days
2020-03-29,1618.3,1295 days
2020-03-30,1618.3,1296 days
2020-03-31,1608.95,1297 days
2020-04-01,1576.55,1298 days
2020-04-02,1616.8,1299 days
2020-04-03,1613.1,1300 days
2020-04-04,1648.3,1301 days
2020-04-05,1648.3,1302 days
2020-04-06,1648.3,1303 days
2020-04-07,1649.25,1304 days
2020-04-08,1647.8,1305 days
2020-04-09,1680.65,1306 days
2020-04-10,1741.9,1307 days
2020-04-11,1741.9,1308 days
2020-04-12,1741.9,1309 days
2020-04-13,1741.9,1310 days
2020-04-14,1741.9,1311 days
2020-04-15,1718.65,1312 days
2020-04-16,1729.5,1313 days
2020-04-17,1692.55,1314 days
2020-04-18,1686.2,1315 days
2020-04-19,1686.2,1316 days
2020-04-20,1686.2,1317 days
2020-04-21,1682.05,1318 days
2020-04-22,1710.55,1319 days
2020-04-23,1736.25,1320 days
2020-04-24,1715.9,1321 days
2020-04-25,1714.95,1322 days
2020-04-26,1714.95,1323 days
2020-04-27,1714.95,1324 days
2020-04-28,1691.55,1325 days
2020-04-29,1703.35,1326 days
2020-04-30,1702.75,1327 days
2020-05-01,1686.25,1328 days
2020-05-02,1709.1,1329 days
2020-05-03,1709.1,1330 days
2020-05-04,1709.1,1331 days
2020-05-05,1699.55,1332 days
2020-05-06,1691.5,1333 days
2020-05-07,1704.05,1334 days
2020-05-08,1702.75,1335 days
2020-05-09,1702.75,1336 days
2020-05-10,1702.75,1337 days
2020-05-11,1702.75,1338 days
2020-05-12,1702.4,1339 days
2020-05-13,1708.4,1340 days
2020-05-14,1731.6,1341 days
2020-05-15,1735.35,1342 days
2020-05-16,1734.7,1343 days
2020-05-17,1734.7,1344 days
2020-05-18,1734.7,1345 days
2020-05-19,1737.95,1346 days
2020-05-20,1748.3,1347 days
2020-05-21,1724.9,1348 days
2020-05-22,1733.55,1349 days
2020-05-23,1720.25,1350 days
2020-05-24,1720.25,1351 days
2020-05-25,1720.25,1352 days
2020-05-26,1720.25,1353 days
2020-05-27,1694.6,1354 days
2020-05-28,1717.35,1355 days
2020-05-29,1728.7,1356 days
2020-05-30,1730.6,1357 days
2020-05-31,1730.6,1358 days
2020-06-01,1730.6,1359 days
2020-06-02,1742.15,1360 days
2020-06-03,1705.35,1361 days
2020-06-04,1700.05,1362 days
2020-06-05,1683.45,1363 days
2020-06-06,1690.35,1364 days
2020-06-07,1690.35,1365 days
2020-06-08,1690.35,1366 days
2020-06-09,1713.5,1367 days
2020-06-10,1722.05,1368 days
2020-06-11,1738.25,1369 days
2020-06-12,1733.5,1370 days
2020-06-13,1710.45,1371 days
2020-06-14,1710.45,1372 days
2020-06-15,1710.45,1373 days
2020-06-16,1719.85,1374 days
2020-06-17,1724.35,1375 days
2020-06-18,1719.5,1376 days
2020-06-19,1734.75,1377 days
2020-06-20,1761.85,1378 days
2020-06-21,1761.85,1379 days
2020-06-22,1761.85,1380 days
2020-06-23,1768.9,1381 days
2020-06-24,1766.05,1382 days
2020-06-25,1756.55,1383 days
2020-06-26,1747.6,1384 days
2020-06-27,1771.6,1385 days
2020-06-28,1771.6,1386 days
2020-06-29,1771.6,1387 days
2020-06-30,1768.1,1388 days
2020-07-01,1771.05,1389 days
2020-07-02,1777.45,1390 days
2020-07-03,1772.9,1391 days
2020-07-04,1787.9,1392 days
2020-07-05,1787.9,1393 days
2020-07-06,1787.9,1394 days
2020-07-07,1789.55,1395 days
2020-07-08,1811.1,1396 days
2020-07-09,1812.1,1397 days
2020-07-10,1803.1,1398 days
2020-07-11,1807.5,1399 days
2020-07-12,1807.5,1400 days
2020-07-13,1807.5,1401 days
2020-07-14,1801.9,1402 days
2020-07-15,1804.6,1403 days
2020-07-16,1807.7,1404 days
2020-07-17,1807.35,1405 days
2020-07-18,1815.65,1406 days
2020-07-19,1815.65,1407 days
2020-07-20,1815.65,1408 days
2020-07-21,1842.55,1409 days
2020-07-22,1852.4,1410 days
2020-07-23,1878.3,1411 days
2020-07-24,1902.1,1412 days
2020-07-25,1936.65,1413 days
2020-07-26,1936.65,1414 days
2020-07-27,1936.65,1415 days
2020-07-28,1940.9,1416 days
2020-07-29,1950.9,1417 days
2020-07-30,1957.65,1418 days
2020-07-31,1964.9,1419 days
2020-08-01,1958.55,1420 days
2020-08-02,1958.55,1421 days
2020-08-03,1958.55,1422 days
2020-08-04,1977.9,1423 days
2020-08-05,2048.15,1424 days
2020-08-06,2067.15,1425 days
2020-08-07,2031.15,1426 days
2020-08-08,2044.5,1427 days
2020-08-09,2044.5,1428 days
2020-08-10,2044.5,1429 days
2020-08-11,1939.65,1430 days
2020-08-12,1931.9,1431 days
2020-08-13,1944.25,1432 days
2020-08-14,1944.75,1433 days
2020-08-15,1972.85,1434 days
2020-08-16,1972.85,1435 days
2020-08-17,1972.85,1436 days
2020-08-18,2008.75,1437 days
2020-08-19,1981.0,1438 days
2020-08-20,1927.15,1439 days
2020-08-21,1924.35,1440 days
2020-08-22,1943.95,1441 days
2020-08-23,1943.95,1442 days
2020-08-24,1943.95,1443 days
2020-08-25,1911.15,1444 days
2020-08-26,1932.95,1445 days
2020-08-27,1923.85,1446 days
2020-08-28,1957.35,1447 days
2020-08-29,1972.35,1448 days
2020-08-30,1972.35,1449 days
2020-08-31,1972.35,1450 days
2020-09-01,1972.35,1451 days
2020-09-02,1947.05,1452 days
2020-09-03,1940.45,1453 days
2020-09-04,1926.3,1454 days
2020-09-05,1928.45,1455 days
2020-09-06,1928.45,1456 days
2020-09-07,1928.45,1457 days
2020-09-08,1910.95,1458 days
2020-09-09,1947.2,1459 days
2020-09-10,1966.25,1460 days
2020-09-11,1947.4,1461 days
2020-09-12,1958.7,1462 days
2020-09-13,1958.7,1463 days
2020-09-14,1958.7,1464 days
2020-09-15,1949.35,1465 days
2020-09-16,1961.8,1466 days
2020-09-17,1936.25,1467 days
2020-09-18,1950.85,1468 days
2020-09-19,1909.35,1469 days
2020-09-20,1909.35,1470 days
2020-09-21,1909.35,1471 days
2020-09-22,1906.0,1472 days
2020-09-23,1873.4,1473 days
2020-09-24,1861.75,1474 days
2020-09-25,1859.7,1475 days
2020-09-26,1864.3,1476 days
2020-09-27,1864.3,1477 days
2020-09-28,1864.3,1478 days
2020-09-29,1883.95,1479 days
2020-09-30,1886.9,1480 days
2020-10-01,1902.0,1481 days
2020-10-02,1903.05,1482 days
2020-10-03,1909.6,1483 days
2020-10-04,1909.6,1484 days
2020-10-05,1909.6,1485 days
2020-10-06,1913.4,1486 days
2020-10-07,1884.5,1487 days
2020-10-08,1887.45,1488 days
2020-10-09,1923.25,1489 days
2020-10-10,1925.5,1490 days
2020-10-11,1925.5,1491 days
2020-10-12,1925.5,1492 days
2020-10-13,1891.3,1493 days
2020-10-14,1910.05,1494 days
2020-10-15,1891.9,1495 days
2020-10-16,1905.05,1496 days
2020-10-17,1905.6,1497 days
2020-10-18,1905.6,1498 days
2020-10-19,1905.6,1499 days
2020-10-20,1898.4,1500 days
2020-10-21,1924.15,1501 days
2020-10-22,1900.95,1502 days
2020-10-23,1903.65,1503 days
2020-10-24,1898.45,1504 days
2020-10-25,1898.45,1505 days
2020-10-26,1898.45,1506 days
2020-10-27,1905.7,1507 days
2020-10-28,1869.95,1508 days
2020-10-29,1870.3,1509 days
2020-10-30,1881.85,1510 days
2020-10-31,1889.9,1511 days
2020-11-01,1889.9,1512 days
2020-11-02,1889.9,1513 days
2020-11-03,1908.3,1514 days
2020-11-04,1900.15,1515 days
2020-11-05,1938.45,1516 days
2020-11-06,1940.8,1517 days
2020-11-07,1867.3,1518 days
2020-11-08,1867.3,1519 days
2020-11-09,1867.3,1520 days
2020-11-10,1878.7,1521 days
2020-11-11,1860.95,1522 days
2020-11-12,1874.85,1523 days
2020-11-13,1890.9,1524 days
2020-11-14,1885.6,1525 days
2020-11-15,1885.6,1526 days
2020-11-16,1885.6,1527 days
2020-11-17,1889.05,1528 days
2020-11-18,1876.1,1529 days
2020-11-19,1857.35,1530 days
2020-11-20,1875.7,1531 days
2020-11-21,1840.2,1532 days
2020-11-22,1840.2,1533 days
2020-11-23,1840.2,1534 days
2020-11-24,1799.6,1535 days
2020-11-25,1810.2,1536 days
2020-11-26,1807.4,1537 days
2020-11-27,1779.3,1538 days
2020-11-28,1762.55,1539 days
2020-11-29,1762.55,1540 days
2020-11-30,1762.55,1541 days
2020-12-01,1810.75,1542 days
2020-12-02,1822.6,1543 days
2020-12-03,1832.35,1544 days
2020-12-04,1843.0,1545 days
2020-12-05,1859.95,1546 days
2020-12-06,1859.95,1547 days
2020-12-07,1859.95,1548 days
2020-12-08,1868.15,1549 days
2020-12-09,1841.75,1550 days
2020-12-10,1844.35,1551 days
2020-12-11,1842.0,1552 days
2020-12-12,1831.15,1553 days
2020-12-13,1831.15,1554 days
2020-12-14,1831.15,1555 days
2020-12-15,1850.65,1556 days
2020-12-16,1851.95,1557 days
2020-12-17,1890.75,1558 days
2020-12-18,1879.75,1559 days
2020-12-19,1880.0,1560 days
2020-12-20,1880.0,1561 days
2020-12-21,1880.0,1562 days
2020-12-22,1877.1,1563 days
2020-12-23,1875.0,1564 days
2020-12-24,1874.3,1565 days
2020-12-25,1874.3,1566 days
2020-12-26,1874.3,1567 days
2020-12-27,1874.3,1568 days
2020-12-28,1874.3,1569 days
2020-12-29,1874.3,1570 days
2020-12-30,1887.6,1571 days
2020-12-31,1943.2,1572 days
2021-01-01,1943.2,1573 days
2021-01-02,1943.2,1574 days
2021-01-03,1943.2,1575 days
2021-01-04,1943.2,1576 days
2021-01-05,1940.35,1577 days
2021-01-06,1931.95,1578 days
2021-01-07,1920.1,1579 days
2021-01-08,1862.9,1580 days
2021-01-09,1847.25,1581 days
2021-01-10,1847.25,1582 days
2021-01-11,1847.25,1583 days
2021-01-12,1841.25,1584 days
2021-01-13,1858.85,1585 days
2021-01-14,1841.75,1586 days
2021-01-15,1839.0,1587 days
2021-01-16,1833.05,1588 days
2021-01-17,1833.05,1589 days
2021-01-18,1833.05,1590 days
2021-01-19,1834.7,1591 days
2021-01-20,1856.6,1592 days
2021-01-21,1862.1,1593 days
2021-01-22,1852.7,1594 days
2021-01-23,1856.85,1595 days
2021-01-24,1856.85,1596 days
2021-01-25,1856.85,1597 days
2021-01-26,1856.6,1598 days
2021-01-27,1843.0,1599 days
2021-01-28,1853.7,1600 days
2021-01-29,1863.8,1601 days
2021-01-30,1862.95,1602 days
2021-01-31,1862.95,1603 days
2021-02-01,1862.95,1604 days
2021-02-02,1833.1,1605 days
2021-02-03,1835.45,1606 days
2021-02-04,1785.9,1607 days
2021-02-05,1802.95,1608 days
2021-02-06,1835.25,1609 days
2021-02-07,1835.25,1610 days
2021-02-08,1835.25,1611 days
2021-02-09,1839.6,1612 days
2021-02-10,1842.65,1613 days
2021-02-11,1840.1,1614 days
2021-02-12,1816.35,1615 days
2021-02-13,1817.3,1616 days
2021-02-14,1817.3,1617 days
2021-02-15,1817.3,1618 days
2021-02-16,1794.25,1619 days
2021-02-17,1780.7,1620 days
2021-02-18,1773.15,1621 days
2021-02-19,1786.2,1622 days
2021-02-20,1807.45,1623 days
2021-02-21,1807.45,1624 days
2021-02-22,1807.45,1625 days
2021-02-23,1799.65,1626 days
2021-02-24,1788.0,1627 days
2021-02-25,1779.65,1628 days
2021-02-26,1742.85,1629 days
2021-02-27,1734.15,1630 days
2021-02-28,1734.15,1631 days
2021-03-01,1734.15,1632 days
2021-03-02,1723.85,1633 days
2021-03-03,1711.4,1634 days
2021-03-04,1712.1,1635 days
2021-03-05,1696.25,1636 days
2021-03-06,1687.05,1637 days
2021-03-07,1687.05,1638 days
2021-03-08,1687.05,1639 days
2021-03-09,1716.9,1640 days
2021-03-10,1716.2,1641 days
2021-03-11,1724.25,1642 days
2021-03-12,1704.8,1643 days
2021-03-13,1723.65,1644 days
2021-03-14,1723.65,1645 days
2021-03-15,1723.65,1646 days
2021-03-16,1735.0,1647 days
2021-03-17,1729.65,1648 days
2021-03-18,1725.9,1649 days
2021-03-19,1735.2,1650 days
2021-03-20,1736.15,1651 days
2021-03-21,1736.15,1652 days
2021-03-22,1736.15,1653 days
2021-03-23,1726.2,1654 days
2021-03-24,1730.5,1655 days
2021-03-25,1737.3,1656 days
2021-03-26,1731.8,1657 days
2021-03-27,1705.95,1658 days
2021-03-28,1705.95,1659 days
2021-03-29,1705.95,1660 days
2021-03-30,1683.95,1661 days
2021-03-31,1691.05,1662 days
2021-04-01,1726.05,1663 days
2021-04-02,1744.65,1664 days
2021-04-03,1744.65,1665 days
2021-04-04,1744.65,1666 days
2021-04-05,1744.65,1667 days
2021-04-06,1744.65,1668 days
2021-04-07,1738.05,1669 days
2021-04-08,1755.5,1670 days
2021-04-09,1741.2,1671 days
2021-04-10,1732.85,1672 days
2021-04-11,1732.85,1673 days
2021-04-12,1732.85,1674 days
2021-04-13,1747.95,1675 days
2021-04-14,1735.55,1676 days
2021-04-15,1757.2,1677 days
2021-04-16,1774.45,1678 days
2021-04-17,1774.5,1679 days
2021-04-18,1774.5,1680 days
2021-04-19,1774.5,1681 days
2021-04-20,1777.85,1682 days
2021-04-21,1798.2,1683 days
2021-04-22,1787.75,1684 days
2021-04-23,1781.8,1685 days
2021-04-24,1773.35,1686 days
2021-04-25,1773.35,1687 days
2021-04-26,1773.35,1688 days
2021-04-27,1784.15,1689 days
2021-04-28,1772.2,1690 days
2021-04-29,1762.65,1691 days
2021-04-30,1767.65,1692 days
2021-05-01,1797.75,1693 days
2021-05-02,1797.75,1694 days
2021-05-03,1797.75,1695 days
2021-05-04,1797.75,1696 days
2021-05-05,1782.25,1697 days
2021-05-06,1813.15,1698 days
2021-05-07,1836.55,1699 days
2021-05-08,1840.45,1700 days
2021-05-09,1840.45,1701 days
2021-05-10,1840.45,1702 days
2021-05-11,1829.1,1703 days
2021-05-12,1830.7,1704 days
2021-05-13,1821.8,1705 days
2021-05-14,1838.1,1706 days
2021-05-15,1853.7,1707 days
2021-05-16,1853.7,1708 days
2021-05-17,1853.7,1709 days
2021-05-18,1866.75,1710 days
2021-05-19,1888.45,1711 days
2021-05-20,1878.3,1712 days
2021-05-21,1875.9,1713 days
2021-05-22,1880.15,1714 days
2021-05-23,1880.15,1715 days
2021-05-24,1880.15,1716 days
2021-05-25,1887.0,1717 days
2021-05-26,1899.75,1718 days
2021-05-27,1891.45,1719 days
2021-05-28,1899.95,1720 days
2021-05-29,1899.35,1721 days
2021-05-30,1899.35,1722 days
2021-05-31,1899.35,1723 days
2021-06-01,1899.35,1724 days
2021-06-02,1902.75,1725 days
2021-06-03,1866.55,1726 days
2021-06-04,1890.6,1727 days
2021-06-05,1888.4,1728 days
2021-06-06,1888.4,1729 days
2021-06-07,1888.4,1730 days
2021-06-08,1893.15,1731 days
2021-06-09,1894.6,1732 days
2021-06-10,1888.65,1733 days
2021-06-11,1881.05,1734 days
2021-06-12,1865.6,1735 days
2021-06-13,1865.6,1736 days
2021-06-14,1865.6,1737 days
2021-06-15,1865.1,1738 days
2021-06-16,1860.75,1739 days
2021-06-17,1778.7,1740 days
2021-06-18,1773.1,1741 days
2021-06-19,1775.05,1742 days
2021-06-20,1775.05,1743 days
2021-06-21,1775.05,1744 days
2021-06-22,1775.05,1745 days
2021-06-23,1791.6,1746 days
2021-06-24,1784.85,1747 days
2021-06-25,1786.65,1748 days
2021-06-26,1780.3,1749 days
2021-06-27,1780.3,1750 days
2021-06-28,1780.3,1751 days
2021-06-29,1755.45,1752 days
2021-06-30,1763.15,1753 days
2021-07-01,1781.5,1754 days
2021-07-02,1786.15,1755 days
2021-07-03,1791.35,1756 days
2021-07-04,1791.35,1757 days
2021-07-05,1791.35,1758 days
2021-07-06,1809.85,1759 days
2021-07-07,1804.65,1760 days
2021-07-08,1807.7,1761 days
2021-07-09,1806.0,1762 days
2021-07-10,1792.4,1763 days
2021-07-11,1792.4,1764 days
2021-07-12,1792.4,1765 days
2021-07-13,1813.85,1766 days
2021-07-14,1823.2,1767 days
2021-07-15,1823.75,1768 days
2021-07-16,1824.3,1769 days
2021-07-17,1814.9,1770 days
2021-07-18,1814.9,1771 days
2021-07-19,1814.9,1772 days
2021-07-20,1823.05,1773 days
2021-07-21,1802.15,1774 days
2021-07-22,1799.45,1775 days
2021-07-23,1799.6,1776 days
2021-07-24,1800.2,1777 days
2021-07-25,1800.2,1778 days
2021-07-26,1800.2,1779 days
2021-07-27,1800.35,1780 days
2021-07-28,1796.6,1781 days
2021-07-29,1829.3,1782 days
2021-07-30,1825.75,1783 days
2021-07-31,1811.45,1784 days
2021-08-01,1811.45,1785 days
2021-08-02,1811.45,1786 days
2021-08-03,1812.65,1787 days
2021-08-04,1829.1,1788 days
2021-08-05,1800.75,1789 days
2021-08-06,1762.9,1790 days
2021-08-07,1738.85,1791 days
2021-08-08,1738.85,1792 days
2021-08-09,1738.85,1793 days
2021-08-10,1723.35,1794 days
2021-08-11,1743.6,1795 days
2021-08-12,1747.4,1796 days
2021-08-13,1773.85,1797 days
2021-08-14,1786.35,1798 days
2021-08-15,1786.35,1799 days
2021-08-16,1786.35,1800 days
2021-08-17,1789.45,1801 days
2021-08-18,1783.45,1802 days
2021-08-19,1782.05,1803 days
2021-08-20,1779.05,1804 days
2021-08-21,1802.0,1805 days
2021-08-22,1802.0,1806 days
2021-08-23,1802.0,1807 days
2021-08-24,1808.45,1808 days
2021-08-25,1788.7,1809 days
2021-08-26,1786.6,1810 days
2021-08-27,1798.5,1811 days
2021-08-28,1814.85,1812 days
2021-08-29,1814.85,1813 days
2021-08-30,1814.85,1814 days
2021-08-31,1814.85,1815 days
2021-09-01,1811.8,1816 days
2021-09-02,1812.55,1817 days
2021-09-03,1823.7,1818 days
2021-09-04,1821.6,1819 days
2021-09-05,1821.6,1820 days
2021-09-06,1821.6,1821 days
2021-09-07,1802.15,1822 days
2021-09-08,1786.0,1823 days
2021-09-09,1788.25,1824 days
2021-09-10,1794.6,1825 days
