1,0,0,1000
1.0,0.0,0,1000.0,1
1.0,0.0,0,1000.0,2
1.0,0.0,0,1000.0,3
0,0.0,1.0,980.0,4
0,0.0,1.0,977.4776058614,5
0,0.0,1.0,994.7068403858548,6
0,0.0,1.0,1000.4071661229146,7
0,0.0,1.0,993.2960097693906,8
0,0.0,1.0,1045.0549674247213,9
0,0.0,1.0,977.8481270386403,10
0,0.0,1.0,974.3139250809019,11
0,0.0,1.0,1004.383143318923,12
0,0.0,1.0,1014.6579804545122,13
0,0.0,1.0,1011.750814330054,14
0,0.0,1.0,1010.3399837085858,15
0,0.0,1.0,1027.3839576498249,16
0,0.0,1.0,1028.1962540705222,17
0,0,1,1019.5745113946981,18
0,0,1,1002.8440553664371,19
0,0,1,1000.8061889182721,20
0.0,0,1.0,1006.7630293085092,21
0.0,0,1.0,1013.1046416911445,22
0.0,0,1.0,1014.2732084659598,23
0.0,0,1.0,1050.2280130210643,24
0,0,1,1065.2768729561324,25
0,0,1,1067.3574918486247,26
0,0,1,1038.9698697014326,27
0,0,1,1052.46539086916,28
0,0,1,1050.2422638352464,29
0,0,1,1056.8831433145683,30
0,0,1,1050.9263029252568,31
0.0,0,1.0,1048.346905529439,32
0.0,0,1.0,1045.5394951027415,33
0.0,0,1.0,1037.402280116961,34
0.0,0,1.0,1036.4759771891504,35
0.0,0,1.0,1044.171416930306,36
0.0,0,1.0,1058.3937296366055,37
0.0,0,1.0,1057.4816775207405,38
0,0,1,1100.7756514584105,39
0,0,1,1089.2324918449474,40
0,0,1,1087.294381096453,41
0.0,0,1.0,1075.409201945181,42
0.0,0,1.0,1078.2451139967745,43
0.0,0,1.0,1081.6225569880962,44
0,0,1,1096.9136807675998,45
0,0,1,1097.341205200136,46
0,0,1,1096.0016286562677,47
0,0,1,1107.28827360556,48
0,0,1,1107.28827360556,49
0,0,1,1108.6991042198651,50
0.0,0,1.0,1104.28135177888,51
0.0,0,1.0,1106.932003240763,52
0.0,0,1.0,1105.692182390135,53
0.0,0,1.0,1123.9617263674425,54
0.0,0,1.0,1123.53420193221,55
0,0,1,1123.9189739153253,56
0,0,1,1130.2178338530916,57
0,0,1,1174.5663680594835,58
0,0,1,1189.9002442778838,59
0,0,1,1284.4401465590036,60
0,0,1,1270.6168566627543,61
0,0,1,1272.0276872839295,62
0,0,1,1278.7683224651396,63
0,0,1,1325.8530130176237,64
0,0,1,1325.8102605690142,65
0,0,1,1372.8949511158291,66
0,0,1,1356.8912866257645,67
0,0,1,1365.3990227820414,68
0,0,1,1421.8322475410087,69
0,0,1,1447.8399837004806,70
0,0,1,1444.2060260478117,71
0,0,1,1605.7247556554903,72
0,0,1,1417.485749170121,73
0,0,1,1424.5826547012207,74
1.0,0.0,0,1252.494666104323,75
1.0,0.0,0,1252.494666104323,76
1.0,0.0,0,1252.494666104323,77
1.0,0.0,0,1252.494666104323,78
1.0,0.0,0,1252.494666104323,79
1.0,0.0,0,1252.494666104323,80
1.0,0.0,0,1252.494666104323,81
1.0,0.0,0,1252.494666104323,82
1.0,0.0,0,1252.494666104323,83
1.0,0.0,0,1252.494666104323,84
0,0.0,1.0,1227.4447727822364,85
0,0.0,1.0,1231.192944550091,86
0,0.0,1.0,1216.5246576558375,87
0,0.0,1.0,1213.5671498163315,88
0,0.0,1.0,1216.3089001253086,89
0,0.0,1.0,1247.4942664153764,90
0,0.0,1.0,1252.2066248220706,91
0,0.0,1.0,1249.3498491056405,92
0,0.0,1.0,1212.7856526233732,93
0,0.0,1.0,1243.8990431563761,94
0,0.0,1.0,1242.6683255247954,95
0,0.0,1.0,1249.8146360002545,96
0,0.0,1.0,1243.8674688935994,97
0,0.0,1.0,1238.7843504359241,98
0,0.0,1.0,1310.1029264472502,99
0,0.0,1.0,1330.4704375319434,100
0,0.0,1.0,1335.517058838657,101
0,0.0,1.0,1375.7243492817554,102
0,0.0,1.0,1400.1314837175817,103
0,0.0,1.0,1404.3014429646214,104
0,0.0,1.0,1390.6447210936901,105
0,0.0,1.0,1426.0842962911909,106
0,0.0,1.0,1429.79172706749,107
0,0.0,1.0,1325.580329548947,108
0,0.0,1.0,1356.815773314168,109
0,0.0,1.0,1354.7603899904598,110
0,0.0,1.0,1358.854350980103,111
0,0.0,1.0,1357.866721301897,112
0,0.0,1.0,1359.6628900337198,113
0,0.0,1.0,1374.7723516829024,114
0,0.0,1.0,1405.8470545669502,115
0,0.0,1.0,1405.8360205514068,116
0,0.0,1.0,1434.948366740947,117
0,0.0,1.0,1429.7092754469372,118
0,0.0,1.0,1427.1164015708566,119
0,0.0,1.0,1526.1420526986606,120
0,0.0,1.0,1525.3744366228798,121
0,0.0,1.0,1534.5911529796285,122
0,0.0,1.0,1595.5074319510984,123
0,0.0,1.0,1562.560817400658,124
0,0.0,1.0,1562.2407099571822,125
0,0.0,1.0,1617.0807407646803,126
0,0.0,1.0,1612.7531450884135,127
0,0.0,1.0,1617.2682172442294,128
0,0.0,1.0,1710.3217650564811,129
0,0.0,1.0,1745.2628510621025,130
0,0.0,1.0,1747.7887929017459,131
0,0.0,1.0,1725.9696800887853,132
0,0.0,1.0,1731.760435724786,133
0,0.0,1.0,1737.6035435350739,134
1.0,0.0,0,1540.3430131822613,135
1.0,0.0,0,1540.3430131822613,136
1.0,0.0,0,1540.3430131822613,137
1.0,0.0,0,1540.3430131822613,138
1.0,0.0,0,1540.3430131822613,139
1.0,0.0,0,1540.3430131822613,140
1.0,0.0,0,1540.3430131822613,141
1.0,0.0,0,1540.3430131822613,142
0,0.0,1.0,1509.5361529186162,143
1.0,0.0,0,1284.1846823219867,144
1.0,0.0,0,1284.1846823219867,145
1.0,0.0,0,1284.1846823219867,146
1.0,0.0,0,1284.1846823219867,147
1.0,0.0,0,1284.1846823219867,148
1.0,0.0,0,1284.1846823219867,149
1.0,0.0,0,1284.1846823219867,150
1.0,0.0,0,1284.1846823219867,151
1.0,0.0,0,1284.1846823219867,152
1.0,0.0,0,1284.1846823219867,153
1.0,0.0,0,1284.1846823219867,154
0,0.0,1.0,1258.500988675547,155
0,0.0,1.0,1257.9394600952564,156
0,0.0,1.0,1254.710580107891,157
0,0.0,1.0,1250.8849929068429,158
0,0.0,1.0,1313.9763503023205,159
0,0.0,1.0,1328.772602899226,160
0,0.0,1.0,1305.5871846949476,161
0,0.0,1.0,1380.067226523654,162
0,0.0,1.0,1369.7662308012082,163
0,0.0,1.0,1370.3110597986447,164
0,0.0,1.0,1439.126114839065,165
0,0.0,1.0,1427.8781208073137,166
0,0.0,1.0,1431.35991470424,167
0,0.0,1.0,1460.0285476472957,168
0,0.0,1.0,1482.8428831112512,169
0,0.0,1.0,1473.7435355709063,170
0,0.0,1.0,1426.5167615700298,171
0,0.0,1.0,1432.8469161333223,172
0,0.0,1.0,1414.834412799329,173
0,0.0,1.0,1434.8625631458103,174
0,0.0,1.0,1457.4777935171742,175
0,0.0,1.0,1422.825163914938,176
0,0.0,1.0,1472.3413316395524,177
0,0.0,1.0,1501.0599666070086,178
0,0.0,1.0,1494.9474349007949,179
0,0.0,1.0,1524.7842769643944,180
0,0.0,1.0,1520.767006020814,181
0,0.0,1.0,1500.0368542868957,182
0,0.0,1.0,1546.6693400567524,183
0,0.0,1.0,1582.5675017066112,184
0,0.0,1.0,1557.0722003363423,185
0,0.0,1.0,1609.3861476222874,186
0,0.0,1.0,1613.8404280241891,187
0,0.0,1.0,1611.4479922989651,188
0,0.0,1.0,1713.2035140672328,189
0,0.0,1.0,1755.3979136947264,190
0,0.0,1.0,1749.9261374748949,191
0,0.0,1.0,1823.3565766239888,192
0,0.0,1.0,1853.6306989501716,193
0,0.0,1.0,1835.9989784781217,194
0,0.0,1.0,1856.6932455770263,195
0,0.0,1.0,1983.3252485135172,196
0,0.0,1.0,1995.9953339053939,197
0,0.0,1.0,2131.1324142662284,198
0,0.0,1.0,2201.374033562061,199
0,0.0,1.0,2211.056547579331,200
0,0.0,1.0,2142.0532239194763,201
0,0.0,1.0,2147.368085243377,202
0,0.0,1.0,2151.8210249781764,203
0,0.0,1.0,2102.295262315769,204
0,0.0,1.0,2185.0473937718994,205
0,0.0,1.0,2156.632400084965,206
0,0.0,1.0,2371.2590039416677,207
0,0.0,1.0,2481.7384518006183,208
0,0.0,1.0,2428.4630043957886,209
0,0.0,1.0,2527.3770344157165,210
0,0.0,1.0,2765.58600942494,211
0,0.0,1.0,2727.6386601511986,212
0,0.0,1.0,2885.865548957336,213
0,0.0,1.0,2674.032757084343,214
0,0.0,1.0,2756.0475332209257,215
0,0.0,1.0,2651.068647619329,216
0,0.0,1.0,2751.345804281561,217
0,0.0,1.0,2768.37819303476,218
0,0.0,1.0,2763.4385718107796,219
0,0.0,1.0,2900.4161929596794,220
0,0.0,1.0,2913.3359790473082,221
0,0.0,1.0,3053.367736571406,222
0,0.0,1.0,3041.7720626793644,223
0,0.0,1.0,3057.919009724955,224
0,0.0,1.0,3485.6039520678255,225
0,0.0,1.0,3221.5914285253484,226
0,0.0,1.0,3243.4833508622028,227
0,0.0,1.0,3418.1209141337495,228
0,0.0,1.0,3439.7377176820996,229
0,0.0,1.0,3504.119650301171,230
1.0,0.0,0,3148.5754249741176,231
1.0,0.0,0,3148.5754249741176,232
1.0,0.0,0,3148.5754249741176,233
1.0,0.0,0,3148.5754249741176,234
1.0,0.0,0,3148.5754249741176,235
1.0,0.0,0,3148.5754249741176,236
1.0,0.0,0,3148.5754249741176,237
1.0,0.0,0,3148.5754249741176,238
1.0,0.0,0,3148.5754249741176,239
1.0,0.0,0,3148.5754249741176,240
1.0,0.0,0,3148.5754249741176,241
1.0,0.0,0,3148.5754249741176,242
0,0.0,1.0,3085.6039164746353,243
0,0.0,1.0,2994.080171427574,244
0,0.0,1.0,2981.7620356809825,245
0,0.0,1.0,3000.6786149173263,246
0,0.0,1.0,3081.056602755944,247
0,0.0,1.0,3048.821083635814,248
0,0.0,1.0,2952.6972058864803,249
0,0.0,1.0,2980.7625770019745,250
0,0.0,1.0,2885.5054282105816,251
0,0.0,1.0,3052.307425996296,252
0,0.0,1.0,3098.1945596310798,253
0,0.0,1.0,3097.1936935173053,254
0,0.0,1.0,3110.395459429044,255
0,0.0,1.0,2968.8569694127646,256
0,0.0,1.0,2982.7511775155845,257
0,0.0,1.0,3022.5300970760445,258
0,0.0,1.0,2819.8528005005414,259
0,0.0,1.0,2773.279543277944,260
0,0.0,1.0,2843.185139972688,261
0,0.0,1.0,2806.2828164167536,262
0,0.0,1.0,2786.865346492871,263
1.0,0.0,0,2404.7058642659313,264
1.0,0.0,0,2404.7058642659313,265
1.0,0.0,0,2404.7058642659313,266
1.0,0.0,0,2404.7058642659313,267
1.0,0.0,0,2404.7058642659313,268
1.0,0.0,0,2404.7058642659313,269
1.0,0.0,0,2404.7058642659313,270
1.0,0.0,0,2404.7058642659313,271
0,0.0,1.0,2356.6117469806127,272
0,0.0,1.0,2295.1515876830813,273
0,0.0,1.0,2135.9958999132123,274
0,0.0,1.0,2138.7499965508287,275
0,0.0,1.0,2208.247069220425,276
0,0.0,1.0,2320.019199108682,277
0,0.0,1.0,2322.657641615674,278
0,0.0,1.0,2290.2593840859245,279
0,0.0,1.0,2390.742392820596,280
0,0.0,1.0,2387.796812049438,281
0,0.0,1.0,2246.620782221765,282
0,0.0,1.0,2330.4290674350154,283
0,0.0,1.0,2326.9946926550847,284
0,0.0,1.0,2684.063285025849,285
0,0.0,1.0,2712.794176396311,286
0,0.0,1.0,2677.4617787456395,287
0,0.0,1.0,2883.6171052934446,288
0,0.0,1.0,2800.1722299378052,289
0,0.0,1.0,2785.9547786023236,290
0,0.0,1.0,3029.68592669044,291
0,0.0,1.0,3213.423631922256,292
0,0.0,1.0,3226.532440409157,293
0,0.0,1.0,3572.2220977787056,294
0,0.0,1.0,3517.2052116507425,295
0,0.0,1.0,3486.2967761877276,296
0,0.0,1.0,3610.366225638486,297
0,0.0,1.0,3444.986420896506,298
0,0.0,1.0,3423.5263028577065,299
0,0.0,1.0,3467.9377330460043,300
0,0.0,1.0,3372.6593665504215,301
0,0.0,1.0,3324.7499654138096,302
0,0.0,1.0,3482.109853838511,303
0,0.0,1.0,3620.033679204435,304
0,0.0,1.0,3612.905304618567,305
1.0,0.0,0,3564.1410462768777,306
1.0,0.0,0,3564.1410462768777,307
1.0,0.0,0,3564.1410462768777,308
1.0,0.0,0,3564.1410462768777,309
1.0,0.0,0,3564.1410462768777,310
1.0,0.0,0,3564.1410462768777,311
1.0,0.0,0,3564.1410462768777,312
1.0,0.0,0,3564.1410462768777,313
0,0.0,1.0,3492.85822535134,314
0,0.0,1.0,3308.927687994885,315
0,0.0,1.0,3419.0870627476575,316
0,0.0,1.0,3340.097997725168,317
0,0.0,1.0,3545.4833811233934,318
0,0.0,1.0,3283.5261994097054,319
0,0.0,1.0,3284.676236762843,320
0,0.0,1.0,3298.1546323167963,321
0,0.0,1.0,3235.79754709046,322
0,0.0,1.0,3198.093065079828,323
0,0.0,1.0,3017.3258565216684,324
1.0,0.0,0,2478.0118962787033,325
1.0,0.0,0,2478.0118962787033,326
1.0,0.0,0,2478.0118962787033,327
1.0,0.0,0,2478.0118962787033,328
1.0,0.0,0,2478.0118962787033,329
1.0,0.0,0,2478.0118962787033,330
1.0,0.0,0,2478.0118962787033,331
1.0,0.0,0,2478.0118962787033,332
0,0.0,1.0,2428.451658353129,333
0,0.0,1.0,2521.1729487036523,334
0,0.0,1.0,2521.9961848862667,335
0,0.0,1.0,2632.1092827546495,336
0,0.0,1.0,2610.5802864451794,337
0,0.0,1.0,2591.0142347857072,338
0,0.0,1.0,2805.3113741224533,339
0,0.0,1.0,2799.69380491829,340
0,0.0,1.0,2780.1295665031266,341
0,0.0,1.0,2911.284535324136,342
0,0.0,1.0,2928.7498692860404,343
0,0.0,1.0,2933.54751835224,344
0,0.0,1.0,2820.7906646469287,345
0,0.0,1.0,2896.6831472941367,346
0,0.0,1.0,2883.149253807356,347
0,0.0,1.0,2921.611673094504,348
0,0.0,1.0,3072.552249492493,349
0,0.0,1.0,3074.808199053235,350
0,0.0,1.0,3192.722379467729,351
0,0.0,1.0,3217.5615116331674,352
0,0.0,1.0,3219.3535461273564,353
0,0.0,1.0,3714.4813230285026,354
0,0.0,1.0,3831.736010545835,355
0,0.0,1.0,3889.5189440204476,356
0,0.0,1.0,3812.8873226503274,357
0,0.0,1.0,3741.1234205645446,358
0,0.0,1.0,3735.0795410656115,359
0,0.0,1.0,3823.8546586580724,360
0,0.0,1.0,3991.97772789094,361
0,0.0,1.0,3996.637788161214,362
0,0.0,1.0,3994.4644005454606,363
0,0.0,1.0,3922.9596960303647,364
0,0.0,1.0,3939.3230311209422,365
0,0.0,1.0,3785.1256606703428,366
0,0.0,1.0,3934.3482417428927,367
0,0.0,1.0,3932.132816424894,368
0,0.0,1.0,3856.610159166179,369
1.0,0.0,0,4027.271534160239,370
1.0,0.0,0,4027.271534160239,371
1.0,0.0,0,4027.271534160239,372
1.0,0.0,0,4027.271534160239,373
1.0,0.0,0,4027.271534160239,374
1.0,0.0,0,4027.271534160239,375
1.0,0.0,0,4027.271534160239,376
1.0,0.0,0,4027.271534160239,377
0,0.0,1.0,3946.726103477034,378
0,0.0,1.0,4004.921542281963,379
0,0.0,1.0,4025.5402878737177,380
0,0.0,1.0,4042.1407964209066,381
0,0.0,1.0,3794.441401904443,382
0,0.0,1.0,3709.636027323454,383
1.0,0.0,0,3163.4334561108094,384
1.0,0.0,0,3163.4334561108094,385
1.0,0.0,0,3163.4334561108094,386
1.0,0.0,0,3163.4334561108094,387
1.0,0.0,0,3163.4334561108094,388
1.0,0.0,0,3163.4334561108094,389
1.0,0.0,0,3163.4334561108094,390
1.0,0.0,0,3163.4334561108094,391
0,0.0,1.0,3100.1647869885933,392
0,0.0,1.0,3104.046867494739,393
0,0.0,1.0,3184.243795395165,394
0,0.0,1.0,3172.1835423282087,395
0,0.0,1.0,3177.674811808855,396
0,0.0,1.0,3353.4579333156485,397
0,0.0,1.0,3377.1019344843953,398
0,0.0,1.0,3742.778146800276,399
0,0.0,1.0,3832.9802013383487,400
0,0.0,1.0,3820.0750488867916,401
0,0.0,1.0,3908.0272798472383,402
0,0.0,1.0,4191.68874537014,403
0,0.0,1.0,4190.135913190224,404
0,0.0,1.0,4364.499096751847,405
0,0.0,1.0,4461.631215707925,406
0,0.0,1.0,4464.092177468047,407
0,0.0,1.0,5214.997462803772,408
0,0.0,1.0,6355.355401936775,409
0,0.0,1.0,6493.580702495889,410
0,0.0,1.0,5831.914800033291,411
0,0.0,1.0,5726.763893366033,412
0,0.0,1.0,5803.460016504502,413
0,0.0,1.0,6653.606118259085,414
0,0.0,1.0,6473.356398977008,415
0,0.0,1.0,6259.203943051117,416
0,0.0,1.0,6844.439132356045,417
0,0.0,1.0,7509.470074313506,418
0,0.0,1.0,7425.2106993692305,419
0,0.0,1.0,7302.7236150669905,420
0,0.0,1.0,6831.041206061758,421
1.0,0.0,0,6560.747318876843,422
1.0,0.0,0,6560.747318876843,423
1.0,0.0,0,6560.747318876843,424
1.0,0.0,0,6560.747318876843,425
1.0,0.0,0,6560.747318876843,426
1.0,0.0,0,6560.747318876843,427
1.0,0.0,0,6560.747318876843,428
1.0,0.0,0,6560.747318876843,429
0,0.0,1.0,6429.532372499306,430
0,0.0,1.0,6355.058476457027,431
0,0.0,1.0,5908.659524631676,432
0,0.0,1.0,6333.403274490986,433
0,0.0,1.0,6168.166952250138,434
0,0.0,1.0,6709.091707864942,435
0,0.0,1.0,6730.286398674167,436
0,0.0,1.0,6724.017335100736,437
0,0.0,1.0,7678.5183688381085,438
0,0.0,1.0,7743.382483447537,439
0,0.0,1.0,7670.394594298861,440
0,0.0,1.0,6825.359598026633,441
1.0,0.0,0,6447.142047794226,442
1.0,0.0,0,6447.142047794226,443
1.0,0.0,0,6447.142047794226,444
1.0,0.0,0,6447.142047794226,445
1.0,0.0,0,6447.142047794226,446
1.0,0.0,0,6447.142047794226,447
1.0,0.0,0,6447.142047794226,448
1.0,0.0,0,6447.142047794226,449
1.0,0.0,0,6447.142047794226,450
1.0,0.0,0,6447.142047794226,451
1.0,0.0,0,6447.142047794226,452
1.0,0.0,0,6447.142047794226,453
1.0,0.0,0,6447.142047794226,454
0,0.0,1.0,6318.1992068383415,455
0,0.0,1.0,6158.861056353413,456
1.0,0.0,0,6067.51812404313,457
1.0,0.0,0,6067.51812404313,458
1.0,0.0,0,6067.51812404313,459
1.0,0.0,0,6067.51812404313,460
1.0,0.0,0,6067.51812404313,461
1.0,0.0,0,6067.51812404313,462
1.0,0.0,0,6067.51812404313,463
1.0,0.0,0,6067.51812404313,464
1.0,0.0,0,6067.51812404313,465
1.0,0.0,0,6067.51812404313,466
1.0,0.0,0,6067.51812404313,467
1.0,0.0,0,6067.51812404313,468
1.0,0.0,0,6067.51812404313,469
1.0,0.0,0,6067.51812404313,470
0,0.0,1.0,5946.1677615622675,471
0,0.0,1.0,6049.366114323752,472
0,0.0,1.0,6052.701368570566,473
0,0.0,1.0,6107.609420070435,474
0,0.0,1.0,6124.918314562949,475
0,0.0,1.0,5922.721877233551,476
0,0.0,1.0,6311.6087549959675,477
0,0.0,1.0,6852.540903125419,478
0,0.0,1.0,6953.117300301016,479
0,0.0,1.0,7434.334815397788,480
0,0.0,1.0,7959.090490203228,481
0,0.0,1.0,8138.091857537778,482
0,0.0,1.0,8156.543424902963,483
0,0.0,1.0,8361.670141467232,484
0,0.0,1.0,8255.657742255104,485
1.0,0.0,0,7144.577717987119,486
1.0,0.0,0,7144.577717987119,487
1.0,0.0,0,7144.577717987119,488
1.0,0.0,0,7144.577717987119,489
1.0,0.0,0,7144.577717987119,490
1.0,0.0,0,7144.577717987119,491
1.0,0.0,0,7144.577717987119,492
1.0,0.0,0,7144.577717987119,493
0,0.0,1.0,7001.686163627377,494
0,0.0,1.0,7255.225210076607,495
0,0.0,1.0,7321.3490334357575,496
0,0.0,1.0,7376.849696983428,497
0,0.0,1.0,6894.127667011769,498
1.0,0.0,0,6351.279408445564,499
1.0,0.0,0,6351.279408445564,500
1.0,0.0,0,6351.279408445564,501
1.0,0.0,0,6351.279408445564,502
1.0,0.0,0,6351.279408445564,503
1.0,0.0,0,6351.279408445564,504
1.0,0.0,0,6351.279408445564,505
1.0,0.0,0,6351.279408445564,506
0,0.0,1.0,6224.253820276653,507
0,0.0,1.0,6352.550172425795,508
0,0.0,1.0,6179.39958165895,509
1.0,0.0,0,5963.509960211677,510
1.0,0.0,0,5963.509960211677,511
1.0,0.0,0,5963.509960211677,512
1.0,0.0,0,5963.509960211677,513
1.0,0.0,0,5963.509960211677,514
1.0,0.0,0,5963.509960211677,515
1.0,0.0,0,5963.509960211677,516
1.0,0.0,0,5963.509960211677,517
0,0.0,1.0,5844.239761007443,518
0,0.0,1.0,5442.254631651147,519
0,0.0,1.0,5500.424370502098,520
0,0.0,1.0,5493.673543790154,521
1.0,0.0,0,4660.544849902318,522
1.0,0.0,0,4660.544849902318,523
1.0,0.0,0,4660.544849902318,524
1.0,0.0,0,4660.544849902318,525
1.0,0.0,0,4660.544849902318,526
1.0,0.0,0,4660.544849902318,527
1.0,0.0,0,4660.544849902318,528
1.0,0.0,0,4660.544849902318,529
1.0,0.0,0,4660.544849902318,530
0,0.0,1.0,4567.333952904271,531
0,0.0,1.0,4360.1190547568285,532
0,0.0,1.0,4415.528945579978,533
0,0.0,1.0,4507.854176395247,534
0,0.0,1.0,5107.649266182551,535
0,0.0,1.0,5168.577149727038,536
0,0.0,1.0,5230.43966495886,537
0,0.0,1.0,5428.447822614346,538
0,0.0,1.0,5446.2492345526825,539
0,0.0,1.0,5138.6107228449755,540
0,0.0,1.0,5314.023996709692,541
0,0.0,1.0,5321.197869535041,542
0,0.0,1.0,5761.6556261735805,543
0,0.0,1.0,5732.033973101386,544
0,0.0,1.0,5812.343711786784,545
0,0.0,1.0,5814.4665176372455,546
0,0.0,1.0,6219.077604706164,547
0,0.0,1.0,6285.832410621542,548
0,0.0,1.0,6025.686217296066,549
0,0.0,1.0,5864.228248192996,550
0,0.0,1.0,5811.009500842229,551
0,0.0,1.0,6075.07371860139,552
0,0.0,1.0,6026.4487787421,553
0,0.0,1.0,6013.419069529778,554
0,0.0,1.0,6001.623342780585,555
0,0.0,1.0,6273.569601338443,556
0,0.0,1.0,6347.8179003975865,557
0,0.0,1.0,6380.331429079068,558
0,0.0,1.0,6267.6261430281775,559
0,0.0,1.0,6268.474651121608,560
0,0.0,1.0,6006.2978537519775,561
0,0.0,1.0,6067.107502744605,562
0,0.0,1.0,6059.511177701569,563
1.0,0.0,0,5401.544861967201,564
1.0,0.0,0,5401.544861967201,565
1.0,0.0,0,5401.544861967201,566
1.0,0.0,0,5401.544861967201,567
1.0,0.0,0,5401.544861967201,568
1.0,0.0,0,5401.544861967201,569
1.0,0.0,0,5401.544861967201,570
1.0,0.0,0,5401.544861967201,571
0,0.0,1.0,5293.513964727857,572
0,0.0,1.0,5465.910756460338,573
0,0.0,1.0,5387.623227099978,574
0,0.0,1.0,5394.73802433282,575
0,0.0,1.0,4854.475888292569,576
1.0,0.0,0,4763.968193590267,577
1.0,0.0,0,4763.968193590267,578
1.0,0.0,0,4763.968193590267,579
1.0,0.0,0,4763.968193590267,580
1.0,0.0,0,4763.968193590267,581
1.0,0.0,0,4763.968193590267,582
1.0,0.0,0,4763.968193590267,583
1.0,0.0,0,4763.968193590267,584
0,0.0,1.0,4668.688829718461,585
0,0.0,1.0,4736.8435443923445,586
0,0.0,1.0,4731.882707074636,587
0,0.0,1.0,4647.081719427138,588
0,0.0,1.0,4718.612452516019,589
0,0.0,1.0,4720.909798028743,590
0,0.0,1.0,4756.128230728714,591
0,0.0,1.0,4721.357966679541,592
0,0.0,1.0,4718.499599438082,593
1.0,0.0,0,4114.903209385631,594
1.0,0.0,0,4114.903209385631,595
1.0,0.0,0,4114.903209385631,596
1.0,0.0,0,4114.903209385631,597
1.0,0.0,0,4114.903209385631,598
1.0,0.0,0,4114.903209385631,599
1.0,0.0,0,4114.903209385631,600
1.0,0.0,0,4114.903209385631,601
0,0.0,1.0,4032.605145197919,602
0,0.0,1.0,4214.7914938671665,603
0,0.0,1.0,4200.851671904024,604
0,0.0,1.0,4229.69998151213,605
0,0.0,1.0,3961.7747095391837,606
0,0.0,1.0,3842.301918277705,607
0,0.0,1.0,3860.353617508156,608
0,0.0,1.0,3885.996153686628,609
0,0.0,1.0,3890.467761572103,610
0,0.0,1.0,3814.683470713585,611
0,0.0,1.0,3821.212521199479,612
0,0.0,1.0,3696.593296251565,613
0,0.0,1.0,3893.3987840169784,614
0,0.0,1.0,3988.1638175195612,615
0,0.0,1.0,4045.2921662319523,616
0,0.0,1.0,4145.623118114722,617
0,0.0,1.0,4124.883345363591,618
0,0.0,1.0,4131.194271479859,619
0,0.0,1.0,4101.248001495123,620
0,0.0,1.0,4125.504271667215,621
0,0.0,1.0,4225.151214251715,622
0,0.0,1.0,4206.683478754053,623
0,0.0,1.0,4073.2713873252583,624
0,0.0,1.0,3989.796159900437,625
0,0.0,1.0,4005.947543075347,626
0,0.0,1.0,3906.5852568929718,627
0,0.0,1.0,3904.4847429583533,628
0,0.0,1.0,3909.389591598551,629
0,0.0,1.0,4075.523091981985,630
0,0.0,1.0,4297.94296314192,631
0,0.0,1.0,4580.540551814754,632
0,0.0,1.0,4627.325342358803,633
0,0.0,1.0,4647.121995299638,634
0,0.0,1.0,4588.905070500931,635
0,0.0,1.0,4661.663975030345,636
0,0.0,1.0,4810.933408954645,637
0,0.0,1.0,4826.708899273812,638
0,0.0,1.0,5162.081053393093,639
0,0.0,1.0,5122.141050455174,640
0,0.0,1.0,4967.2916210658495,641
0,0.0,1.0,5118.967600842141,642
0,0.0,1.0,5134.038749307925,643
0,0.0,1.0,5143.152967205111,644
0,0.0,1.0,4952.896661676765,645
0,0.0,1.0,4736.4754291624595,646
0,0.0,1.0,4759.517477790082,647
1.0,0.0,0,4533.612401187013,648
1.0,0.0,0,4533.612401187013,649
1.0,0.0,0,4533.612401187013,650
1.0,0.0,0,4533.612401187013,651
1.0,0.0,0,4533.612401187013,652
1.0,0.0,0,4533.612401187013,653
1.0,0.0,0,4533.612401187013,654
1.0,0.0,0,4533.612401187013,655
1.0,0.0,0,4533.612401187013,656
0,0.0,1.0,4442.940153163273,657
0,0.0,1.0,4468.240189873403,658
0,0.0,1.0,4401.403882159976,659
0,0.0,1.0,4479.227224928879,660
0,0.0,1.0,4465.113956417167,661
0,0.0,1.0,4444.079434863972,662
0,0.0,1.0,4531.353004922984,663
0,0.0,1.0,4508.362624471005,664
0,0.0,1.0,4566.453095813403,665
0,0.0,1.0,4506.379373586002,666
0,0.0,1.0,4628.86075335738,667
0,0.0,1.0,4473.520075180625,668
0,0.0,1.0,4606.626485597437,669
0,0.0,1.0,4730.375392619982,670
0,0.0,1.0,4743.639005806966,671
0,0.0,1.0,4730.260588932418,672
0,0.0,1.0,4927.921081558913,673
0,0.0,1.0,4982.937486117684,674
0,0.0,1.0,4880.488352244771,675
0,0.0,1.0,4915.183290787535,676
0,0.0,1.0,4941.113754932099,677
0,0.0,1.0,5102.435640620168,678
0,0.0,1.0,5111.597189128721,679
0,0.0,1.0,5114.505187299506,680
0,0.0,1.0,5007.49193119933,681
1.0,0.0,0,4438.34634801685,682
1.0,0.0,0,4438.34634801685,683
1.0,0.0,0,4438.34634801685,684
1.0,0.0,0,4438.34634801685,685
1.0,0.0,0,4438.34634801685,686
1.0,0.0,0,4438.34634801685,687
1.0,0.0,0,4438.34634801685,688
1.0,0.0,0,4438.34634801685,689
0,0.0,1.0,4349.579421056514,690
0,0.0,1.0,4362.691948424649,691
0,0.0,1.0,4365.191644218522,692
0,0.0,1.0,4283.682710494611,693
0,0.0,1.0,4214.1000368632585,694
0,0.0,1.0,4244.724377476615,695
0,0.0,1.0,4295.7038940967395,696
0,0.0,1.0,4463.975360435883,697
0,0.0,1.0,4521.61839008852,698
0,0.0,1.0,4491.049821165067,699
0,0.0,1.0,4443.437922803112,700
0,0.0,1.0,4406.056818143385,701
0,0.0,1.0,4329.213202879155,702
0,0.0,1.0,4373.950060889473,703
0,0.0,1.0,4474.7432380670925,704
0,0.0,1.0,4383.987326627688,705
0,0.0,1.0,4412.538626329708,706
0,0.0,1.0,4424.5083877940715,707
0,0.0,1.0,4392.130579216299,708
0,0.0,1.0,4330.398355130374,709
0,0.0,1.0,4339.317952338899,710
0,0.0,1.0,4396.084248002016,711
0,0.0,1.0,4404.742832817858,712
0,0.0,1.0,4399.4779668664,713
0,0.0,1.0,4429.55977577596,714
0,0.0,1.0,4431.663920631221,715
0,0.0,1.0,4435.102814678362,716
0,0.0,1.0,4181.978220564391,717
0,0.0,1.0,4189.9390991257205,718
0,0.0,1.0,4180.883418736772,719
0,0.0,1.0,4215.952221122331,720
0,0.0,1.0,4318.46484566849,721
0,0.0,1.0,4416.577626161994,722
0,0.0,1.0,4414.640883292738,723
0,0.0,1.0,4395.743996304461,724
0,0.0,1.0,4356.638468319277,725
0,0.0,1.0,4342.7284028067925,726
0,0.0,1.0,4371.356668394737,727
0,0.0,1.0,4353.405929994064,728
0,0.0,1.0,4337.775971388052,729
0,0.0,1.0,4355.768426946081,730
0,0.0,1.0,4343.360298482635,731
0,0.0,1.0,4332.640942381167,732
0,0.0,1.0,4327.396712484717,733
0,0.0,1.0,4321.5691084632745,734
0,0.0,1.0,4271.681159103124,735
0,0.0,1.0,4222.680779794074,736
0,0.0,1.0,4217.431848996406,737
0,0.0,1.0,4244.651316141387,738
0,0.0,1.0,4275.031376571292,739
0,0.0,1.0,4276.86905989871,740
0,0.0,1.0,4277.841721327496,741
0,0.0,1.0,4308.019887294234,742
0,0.0,1.0,4308.551951056702,743
0,0.0,1.0,4376.167550815024,744
0,0.0,1.0,4341.00560985755,745
0,0.0,1.0,4313.377334350283,746
0,0.0,1.0,4282.633641470189,747
0,0.0,1.0,4268.736403740911,748
0,0.0,1.0,4288.98940546633,749
0,0.0,1.0,4264.5836293600205,750
0,0.0,1.0,4133.469510431465,751
0,0.0,1.0,3852.7908178303314,752
1.0,0.0,0,3670.4158577288467,753
1.0,0.0,0,3670.4158577288467,754
1.0,0.0,0,3670.4158577288467,755
1.0,0.0,0,3670.4158577288467,756
1.0,0.0,0,3670.4158577288467,757
1.0,0.0,0,3670.4158577288467,758
1.0,0.0,0,3670.4158577288467,759
1.0,0.0,0,3670.4158577288467,760
0,0.0,1.0,3597.00754057427,761
1.0,0.0,0,3096.300991902903,762
1.0,0.0,0,3096.300991902903,763
1.0,0.0,0,3096.300991902903,764
1.0,0.0,0,3096.300991902903,765
1.0,0.0,0,3096.300991902903,766
1.0,0.0,0,3096.300991902903,767
1.0,0.0,0,3096.300991902903,768
1.0,0.0,0,3096.300991902903,769
0,0.0,1.0,3034.374972064845,770
0,0.0,1.0,2903.1194082021516,771
0,0.0,1.0,2827.531793885985,772
1.0,0.0,0,2689.5619260922876,773
1.0,0.0,0,2689.5619260922876,774
1.0,0.0,0,2689.5619260922876,775
1.0,0.0,0,2689.5619260922876,776
1.0,0.0,0,2689.5619260922876,777
1.0,0.0,0,2689.5619260922876,778
1.0,0.0,0,2689.5619260922876,779
1.0,0.0,0,2689.5619260922876,780
0,0.0,1.0,2635.770687570442,781
0,0.0,1.0,2606.8639994782707,782
0,0.0,1.0,2630.033568751088,783
0,0.0,1.0,2727.450011453819,784
0,0.0,1.0,2859.412441535677,785
0,0.0,1.0,3061.6172185280157,786
0,0.0,1.0,3202.1608711428667,787
0,0.0,1.0,3324.6396031299005,788
0,0.0,1.0,3144.3722851275925,789
0,0.0,1.0,3238.040807471191,790
0,0.0,1.0,3212.065323057092,791
0,0.0,1.0,3066.3104935006254,792
0,0.0,1.0,3075.555675951424,793
0,0.0,1.0,3093.9113721864214,794
0,0.0,1.0,3010.051492998069,795
0,0.0,1.0,3145.4275182305546,796
0,0.0,1.0,3031.3209729255072,797
0,0.0,1.0,3048.354110308892,798
0,0.0,1.0,3016.778185718501,799
0,0.0,1.0,3100.077953579955,800
0,0.0,1.0,3108.051496091134,801
0,0.0,1.0,3073.3427013017917,802
0,0.0,1.0,3100.672904071984,803
0,0.0,1.0,3151.9967637284312,804
0,0.0,1.0,3244.967156719973,805
0,0.0,1.0,3241.8771664039864,806
0,0.0,1.0,3243.39536185993,807
0,0.0,1.0,3065.2699998546013,808
0,0.0,1.0,2931.5381283195375,809
0,0.0,1.0,2931.6151768221794,810
1.0,0.0,0,2836.341896663538,811
1.0,0.0,0,2836.341896663538,812
1.0,0.0,0,2836.341896663538,813
1.0,0.0,0,2836.341896663538,814
1.0,0.0,0,2836.341896663538,815
1.0,0.0,0,2836.341896663538,816
1.0,0.0,0,2836.341896663538,817
1.0,0.0,0,2836.341896663538,818
1.0,0.0,0,2836.341896663538,819
0,0.0,1.0,2779.6150587302673,820
0,0.0,1.0,2816.7784591416203,821
0,0.0,1.0,2800.3285703162646,822
0,0.0,1.0,2815.9147418449893,823
0,0.0,1.0,2809.271970500079,824
0,0.0,1.0,2808.1020261519343,825
0,0.0,1.0,2790.9847194047616,826
0,0.0,1.0,2707.816594083644,827
0,0.0,1.0,2686.631963962899,828
0,0.0,1.0,2724.6355257657324,829
0,0.0,1.0,2704.856399294843,830
0,0.0,1.0,2728.8206287624234,831
0,0.0,1.0,2753.0753813297124,832
0,0.0,1.0,2713.6584639374287,833
0,0.0,1.0,2710.7767889026477,834
0,0.0,1.0,2722.5469002883283,835
0,0.0,1.0,2674.1473228186414,836
0,0.0,1.0,2665.557261525979,837
0,0.0,1.0,2874.6710751404003,838
0,0.0,1.0,2877.2622270950415,839
0,0.0,1.0,2894.46590558319,840
0,0.0,1.0,2849.850980342846,841
0,0.0,1.0,2852.1673131435323,842
0,0.0,1.0,2838.096572901759,843
0,0.0,1.0,2826.954619551027,844
0,0.0,1.0,2833.1498282936936,845
0,0.0,1.0,2842.061820572898,846
0,0.0,1.0,2882.256083556811,847
0,0.0,1.0,3070.750609291959,848
0,0.0,1.0,3083.101766885362,849
0,0.0,1.0,3130.723998770954,850
0,0.0,1.0,3097.5101420761534,851
0,0.0,1.0,3127.8187678201207,852
0,0.0,1.0,3250.4038105493864,853
0,0.0,1.0,2957.752828750403,854
0,0.0,1.0,3021.6993178725024,855
0,0.0,1.0,3008.4451830991566,856
0,0.0,1.0,3009.842834739131,857
0,0.0,1.0,3023.0734135933867,858
0,0.0,1.0,3010.9342593384904,859
0,0.0,1.0,3008.437331090788,860
0,0.0,1.0,2995.1989002696555,861
0,0.0,1.0,2929.556384419377,862
0,0.0,1.0,3040.4812434076307,863
0,0.0,1.0,3044.093152179043,864
0,0.0,1.0,3051.921571836456,865
0,0.0,1.0,3043.3943263500437,866
0,0.0,1.0,3101.9700641579943,867
0,0.0,1.0,3084.3894908360435,868
0,0.0,1.0,3047.422389818587,869
0,0.0,1.0,3056.389345939399,870
0,0.0,1.0,3044.8155339366863,871
0,0.0,1.0,3050.6574037668915,872
0,0.0,1.0,3090.93018652223,873
0,0.0,1.0,3153.314132480229,874
0,0.0,1.0,3136.8014278441806,875
0,0.0,1.0,3139.824438443852,876
0,0.0,1.0,3163.6473323338464,877
0,0.0,1.0,3185.0753736911156,878
0,0.0,1.0,3134.7756181436002,879
0,0.0,1.0,3140.0521457237655,880
0,0.0,1.0,3150.1497863096743,881
0,0.0,1.0,3136.165417812158,882
0,0.0,1.0,3090.4512160031604,883
0,0.0,1.0,3099.7558070522396,884
0,0.0,1.0,3178.880164948751,885
0,0.0,1.0,3170.1330641602362,886
0,0.0,1.0,3231.5198092333408,887
0,0.0,1.0,3230.6482399357315,888
0,0.0,1.0,3230.428384631059,889
0,0.0,1.0,3260.5564149332563,890
0,0.0,1.0,3834.0254512028437,891
0,0.0,1.0,3894.4306993185205,892
0,0.0,1.0,3856.2936539493276,893
0,0.0,1.0,3948.5779229406276,894
0,0.0,1.0,3968.011562498982,895
0,0.0,1.0,4074.696354690438,896
0,0.0,1.0,4136.978224974209,897
0,0.0,1.0,4064.033371857705,898
0,0.0,1.0,4169.540367719879,899
0,0.0,1.0,3953.4854076853308,900
0,0.0,1.0,3983.189431289364,901
0,0.0,1.0,3976.7272554002648,902
0,0.0,1.0,4045.7382687747477,903
0,0.0,1.0,3954.3962368643265,904
0,0.0,1.0,4080.3968889880857,905
0,0.0,1.0,4099.021775062753,906
0,0.0,1.0,4142.945726437581,907
0,0.0,1.0,4143.518920669211,908
0,0.0,1.0,4168.833689931237,909
0,0.0,1.0,4147.2800169619895,910
0,0.0,1.0,4222.156456088563,911
0,0.0,1.0,4332.845755826415,912
0,0.0,1.0,4266.912716914077,913
0,0.0,1.0,4079.580283554591,914
0,0.0,1.0,4155.917190125009,915
0,0.0,1.0,4145.992293007886,916
0,0.0,1.0,4162.559961464938,917
0,0.0,1.0,4130.649532707832,918
0,0.0,1.0,4137.826238368468,919
0,0.0,1.0,4182.488275475717,920
0,0.0,1.0,4232.340468407961,921
0,0.0,1.0,4441.972512382769,922
0,0.0,1.0,4531.43792210981,923
0,0.0,1.0,4489.492668569804,924
0,0.0,1.0,4463.431961636078,925
0,0.0,1.0,4519.377287625825,926
0,0.0,1.0,4661.498045582719,927
0,0.0,1.0,4826.538720260274,928
0,0.0,1.0,4984.44980110766,929
0,0.0,1.0,5691.355310586841,930
0,0.0,1.0,5479.603233162519,931
0,0.0,1.0,6142.686866895855,932
0,0.0,1.0,6275.840668759126,933
0,0.0,1.0,6444.037837657776,934
0,0.0,1.0,6192.036533452986,935
0,0.0,1.0,5780.797164487017,936
0,0.0,1.0,5704.499517809562,937
0,0.0,1.0,6433.673229716653,938
0,0.0,1.0,6287.100401567179,939
0,0.0,1.0,6244.283578733092,940
0,0.0,1.0,5987.8616122447465,941
0,0.0,1.0,6187.584463029509,942
0,0.0,1.0,6284.140206700697,943
0,0.0,1.0,6337.6828281899225,944
0,0.0,1.0,6866.097228714843,945
0,0.0,1.0,6886.229694085503,946
0,0.0,1.0,6846.828480605846,947
0,0.0,1.0,6802.150739536115,948
0,0.0,1.0,6495.515389238058,949
0,0.0,1.0,6716.430722145237,950
0,0.0,1.0,6717.208067732515,951
0,0.0,1.0,6861.8650138105495,952
0,0.0,1.0,6387.519317144563,953
1.0,0.0,0,5906.479026096828,954
1.0,0.0,0,5906.479026096828,955
1.0,0.0,0,5906.479026096828,956
1.0,0.0,0,5906.479026096828,957
1.0,0.0,0,5906.479026096828,958
1.0,0.0,0,5906.479026096828,959
1.0,0.0,0,5906.479026096828,960
1.0,0.0,0,5906.479026096828,961
0,0.0,1.0,5788.349445574891,962
0,0.0,1.0,5834.256463401867,963
0,0.0,1.0,6157.007869752531,964
0,0.0,1.0,6274.480826308781,965
0,0.0,1.0,6359.127644730997,966
0,0.0,1.0,6605.936293891005,967
0,0.0,1.0,6427.959842503875,968
0,0.0,1.0,6573.513842867685,969
0,0.0,1.0,6750.321726210869,970
0,0.0,1.0,7230.518197877808,971
0,0.0,1.0,7555.769631575523,972
0,0.0,1.0,7659.063962814144,973
0,0.0,1.0,7802.847405535225,974
0,0.0,1.0,8333.235644434895,975
0,0.0,1.0,9159.129949136817,976
0,0.0,1.0,7884.540933777611,977
0,0.0,1.0,8763.79984458406,978
0,0.0,1.0,8421.041137196848,979
1.0,0.0,0,7452.6136867548,980
1.0,0.0,0,7452.6136867548,981
1.0,0.0,0,7452.6136867548,982
1.0,0.0,0,7452.6136867548,983
1.0,0.0,0,7452.6136867548,984
1.0,0.0,0,7452.6136867548,985
1.0,0.0,0,7452.6136867548,986
1.0,0.0,0,7452.6136867548,987
0,0.0,1.0,7303.561413019705,988
0,0.0,1.0,7465.9078575093545,989
0,0.0,1.0,7177.112691649885,990
0,0.0,1.0,6734.008327676923,991
0,0.0,1.0,7001.580417936551,992
0,0.0,1.0,6755.4983228707815,993
1.0,0.0,0,5921.594452005088,994
1.0,0.0,0,5921.594452005088,995
1.0,0.0,0,5921.594452005088,996
1.0,0.0,0,5921.594452005088,997
1.0,0.0,0,5921.594452005088,998
1.0,0.0,0,5921.594452005088,999
1.0,0.0,0,5921.594452005088,1000
1.0,0.0,0,5921.594452005088,1001
0,0.0,1.0,5803.162562964986,1002
0,0.0,1.0,5533.72491615152,1003
0,0.0,1.0,5493.178856162502,1004
0,0.0,1.0,5551.077707939324,1005
0,0.0,1.0,5536.170158914945,1006
0,0.0,1.0,5325.564490950469,1007
0,0.0,1.0,5357.04909955533,1008
0,0.0,1.0,5340.932982293716,1009
0,0.0,1.0,5390.2875374842715,1010
0,0.0,1.0,5668.859711923454,1011
0,0.0,1.0,5850.128087916994,1012
0,0.0,1.0,5918.920917814009,1013
0,0.0,1.0,6079.137721013699,1014
0,0.0,1.0,6172.2593111290935,1015
0,0.0,1.0,6626.321218866545,1016
0,0.0,1.0,6445.137161565674,1017
0,0.0,1.0,6723.473243556892,1018
0,0.0,1.0,6743.479264281548,1019
0,0.0,1.0,6664.91108454694,1020
0,0.0,1.0,6342.015371635559,1021
0,0.0,1.0,6502.007324940011,1022
0,0.0,1.0,6400.498833209422,1023
0,0.0,1.0,6103.618254894272,1024
1.0,0.0,0,5518.1657521159705,1025
1.0,0.0,0,5518.1657521159705,1026
1.0,0.0,0,5518.1657521159705,1027
1.0,0.0,0,5518.1657521159705,1028
1.0,0.0,0,5518.1657521159705,1029
1.0,0.0,0,5518.1657521159705,1030
1.0,0.0,0,5518.1657521159705,1031
1.0,0.0,0,5518.1657521159705,1032
0,0.0,1.0,5407.802437073651,1033
0,0.0,1.0,5564.940266659423,1034
0,0.0,1.0,5424.819507282268,1035
0,0.0,1.0,5420.1454282753575,1036
0,0.0,1.0,5540.59120295179,1037
0,0.0,1.0,5439.87389209696,1038
0,0.0,1.0,5197.008961514707,1039
0,0.0,1.0,5072.258114035998,1040
0,0.0,1.0,5122.229045514219,1041
0,0.0,1.0,5134.481122145808,1042
0,0.0,1.0,5224.802083372722,1043
0,0.0,1.0,5554.68831073944,1044
0,0.0,1.0,5680.177170692934,1045
0,0.0,1.0,5660.320356842851,1046
0,0.0,1.0,5656.919081944081,1047
0,0.0,1.0,5517.696772511082,1048
0,0.0,1.0,5608.472306658605,1049
0,0.0,1.0,5565.207662454349,1050
0,0.0,1.0,5515.659216370143,1051
0,0.0,1.0,5401.9464685016865,1052
0,0.0,1.0,5433.119473586802,1053
0,0.0,1.0,5572.614526757531,1054
0,0.0,1.0,5542.527148713314,1055
0,0.0,1.0,5541.152734169706,1056
0,0.0,1.0,5513.931839371843,1057
0,0.0,1.0,5489.973173578044,1058
0,0.0,1.0,5449.719406329344,1059
0,0.0,1.0,5432.194284059573,1060
0,0.0,1.0,5495.454787975289,1061
0,0.0,1.0,5440.494250434499,1062
0,0.0,1.0,5336.94789176891,1063
0,0.0,1.0,5365.591332358642,1064
0,0.0,1.0,5178.590737219073,1065
1.0,0.0,0,4482.911194889921,1066
1.0,0.0,0,4482.911194889921,1067
1.0,0.0,0,4482.911194889921,1068
1.0,0.0,0,4482.911194889921,1069
1.0,0.0,0,4482.911194889921,1070
1.0,0.0,0,4482.911194889921,1071
1.0,0.0,0,4482.911194889921,1072
1.0,0.0,0,4482.911194889921,1073
0,0.0,1.0,4393.252970992123,1074
0,0.0,1.0,4316.803724413876,1075
0,0.0,1.0,4274.511871239091,1076
0,0.0,1.0,4270.42891751383,1077
0,0.0,1.0,4124.74766090808,1078
0,0.0,1.0,4304.1460437678725,1079
0,0.0,1.0,4292.604754801924,1080
0,0.0,1.0,4501.165595359747,1081
0,0.0,1.0,4500.630985260262,1082
0,0.0,1.0,4334.393445570538,1083
0,0.0,1.0,4354.457048729039,1084
0,0.0,1.0,4341.74695529284,1085
0,0.0,1.0,4378.3205767491045,1086
0,0.0,1.0,4278.013043402324,1087
0,0.0,1.0,4194.3360777139105,1088
0,0.0,1.0,4233.263031955936,1089
0,0.0,1.0,4168.989268703252,1090
0,0.0,1.0,4172.0763800760315,1091
0,0.0,1.0,4314.125432659033,1092
0,0.0,1.0,4309.649383258295,1093
0,0.0,1.0,4207.046171196596,1094
0,0.0,1.0,3915.002292137532,1095
0,0.0,1.0,3895.2531654913046,1096
0,0.0,1.0,4542.503536482065,1097
1.0,0.0,0,4756.250095137126,1098
1.0,0.0,0,4756.250095137126,1099
1.0,0.0,0,4756.250095137126,1100
1.0,0.0,0,4756.250095137126,1101
1.0,0.0,0,4756.250095137126,1102
1.0,0.0,0,4756.250095137126,1103
1.0,0.0,0,4756.250095137126,1104
1.0,0.0,0,4756.250095137126,1105
0,0.0,1.0,4661.125093234383,1106
0,0.0,1.0,4768.4060655320945,1107
0,0.0,1.0,4713.796005264453,1108
0,0.0,1.0,4730.580016943565,1109
0,0.0,1.0,4660.152987618243,1110
0,0.0,1.0,4438.290124491417,1111
0,0.0,1.0,4460.248573537005,1112
0,0.0,1.0,4575.539291395106,1113
0,0.0,1.0,4413.871033003366,1114
0,0.0,1.0,4456.253826869567,1115
0,0.0,1.0,4436.457300297963,1116
1.0,0.0,0,4283.175275868633,1117
1.0,0.0,0,4283.175275868633,1118
1.0,0.0,0,4283.175275868633,1119
1.0,0.0,0,4283.175275868633,1120
1.0,0.0,0,4283.175275868633,1121
1.0,0.0,0,4283.175275868633,1122
1.0,0.0,0,4283.175275868633,1123
1.0,0.0,0,4283.175275868633,1124
1.0,0.0,0,4283.175275868633,1125
1.0,0.0,0,4283.175275868633,1126
1.0,0.0,0,4283.175275868633,1127
0,0.0,1.0,4197.511770351261,1128
0,0.0,1.0,4217.162265472772,1129
0,0.0,1.0,4429.208650877392,1130
0,0.0,1.0,4374.560494405117,1131
0,0.0,1.0,4566.7503429452645,1132
0,0.0,1.0,4449.159378253766,1133
0,0.0,1.0,4357.894661047656,1134
0,0.0,1.0,4303.087558096675,1135
0,0.0,1.0,4295.540543488982,1136
0,0.0,1.0,4234.363807302936,1137
0,0.0,1.0,4353.938659626888,1138
0,0.0,1.0,4442.960465286294,1139
0,0.0,1.0,4418.023527771617,1140
0,0.0,1.0,4428.360936255341,1141
0,0.0,1.0,4319.470819901244,1142
0,0.0,1.0,4250.794164366597,1143
0,0.0,1.0,4239.932821196255,1144
0,0.0,1.0,4232.1915386651235,1145
0,0.0,1.0,4269.108331619838,1146
0,0.0,1.0,4160.71271544824,1147
0,0.0,1.0,4186.261891253757,1148
0,0.0,1.0,4049.9211281672974,1149
0,0.0,1.0,3892.493464684723,1150
0,0.0,1.0,4288.1936837047315,1151
0,0.0,1.0,4209.644685354514,1152
0,0.0,1.0,4232.786116251216,1153
0,0.0,1.0,4205.135314682795,1154
0,0.0,1.0,4423.663184574091,1155
0,0.0,1.0,4310.4403047701335,1156
0,0.0,1.0,4268.413676629862,1157
0,0.0,1.0,4234.287277492478,1158
0,0.0,1.0,4235.2762778547385,1159
0,0.0,1.0,4264.434127558661,1160
0,0.0,1.0,4298.071913423104,1161
0,0.0,1.0,4347.692651433871,1162
0,0.0,1.0,4250.111283184151,1163
0,0.0,1.0,4219.917337873175,1164
0,0.0,1.0,4224.255988240038,1165
0,0.0,1.0,4088.0623978257536,1166
0,0.0,1.0,4312.954014021548,1167
0,0.0,1.0,4325.634411425678,1168
0,0.0,1.0,4327.800793170428,1169
0,0.0,1.0,4567.792325497161,1170
0,0.0,1.0,4806.936143229383,1171
0,0.0,1.0,4734.633153049927,1172
0,0.0,1.0,4602.336694959267,1173
0,0.0,1.0,4818.233117490131,1174
0,0.0,1.0,4722.176458090518,1175
0,0.0,1.0,4811.940014018566,1176
0,0.0,1.0,4771.479303090304,1177
0,0.0,1.0,5205.4503036550805,1178
0,0.0,1.0,5188.654958332304,1179
0,0.0,1.0,5134.577831837494,1180
0,0.0,1.0,5239.547268194316,1181
0,0.0,1.0,5245.734407339056,1182
0,0.0,1.0,5123.586976709772,1183
0,0.0,1.0,5078.32254980599,1184
0,0.0,1.0,5134.7132307265065,1185
0,0.0,1.0,5097.437336440172,1186
0,0.0,1.0,4938.0022377028945,1187
0,0.0,1.0,4961.585186614813,1188
0,0.0,1.0,4902.239278449831,1189
0,0.0,1.0,5055.9228691494945,1190
0,0.0,1.0,5236.862838676265,1191
0,0.0,1.0,5525.2682930818455,1192
0,0.0,1.0,5462.937723178951,1193
0,0.0,1.0,5593.9567224709845,1194
0,0.0,1.0,5494.703472681792,1195
0,0.0,1.0,5520.794243905167,1196
0,0.0,1.0,5483.394724587866,1197
0,0.0,1.0,5393.6664900668475,1198
0,0.0,1.0,5393.6664900668475,1199
0,0.0,1.0,5660.202085477359,1200
0,0.0,1.0,5743.066186538253,1201
0,0.0,1.0,5773.607459377123,1202
0,0.0,1.0,5832.229277987144,1203
0,0.0,1.0,5982.516123459346,1204
0,0.0,1.0,5801.423094344774,1205
0,0.0,1.0,6049.020510325392,1206
0,0.0,1.0,6095.479979327294,1207
0,0.0,1.0,6029.623152171061,1208
0,0.0,1.0,6103.857047783329,1209
0,0.0,1.0,5830.492640409542,1210
0,0.0,1.0,5850.213778419298,1211
0,0.0,1.0,5712.6132172897715,1212
0,0.0,1.0,5993.2538415577155,1213
0,0.0,1.0,5654.209214244392,1214
0,0.0,1.0,5655.469012315294,1215
0,0.0,1.0,5708.286340769372,1216
0,0.0,1.0,5692.421126782236,1217
0,0.0,1.0,5880.660860831361,1218
0,0.0,1.0,5688.959625553989,1219
0,0.0,1.0,5480.209908006378,1220
0,0.0,1.0,5171.953803606658,1221
1.0,0.0,0,5079.591531491617,1222
1.0,0.0,0,5079.591531491617,1223
1.0,0.0,0,5079.591531491617,1224
1.0,0.0,0,5079.591531491617,1225
1.0,0.0,0,5079.591531491617,1226
1.0,0.0,0,5079.591531491617,1227
1.0,0.0,0,5079.591531491617,1228
1.0,0.0,0,5079.591531491617,1229
0,0.0,1.0,4977.999700861785,1230
0,0.0,1.0,4838.129059887338,1231
0,0.0,1.0,4370.9602491076985,1232
1.0,0.0,0,4226.294882149765,1233
1.0,0.0,0,4226.294882149765,1234
1.0,0.0,0,4226.294882149765,1235
1.0,0.0,0,4226.294882149765,1236
1.0,0.0,0,4226.294882149765,1237
1.0,0.0,0,4226.294882149765,1238
1.0,0.0,0,4226.294882149765,1239
1.0,0.0,0,4226.294882149765,1240
1.0,0.0,0,4226.294882149765,1241
0,0.0,1.0,4141.76898450677,1242
0,0.0,1.0,4742.698039380408,1243
0,0.0,1.0,4766.613633204189,1244
0,0.0,1.0,4738.602379133103,1245
0,0.0,1.0,4457.471664882684,1246
0,0.0,1.0,4977.689418218641,1247
0,0.0,1.0,5181.576745301467,1248
0,0.0,1.0,5127.965700683357,1249
0,0.0,1.0,5177.948066876792,1250
0,0.0,1.0,4875.8184813363605,1251
0,0.0,1.0,4793.032555800625,1252
1.0,0.0,0,4415.429367676184,1253
1.0,0.0,0,4415.429367676184,1254
1.0,0.0,0,4415.429367676184,1255
0,1.0,0.0,4371.275073999422,1256
0,1.0,0.0,4361.271537540988,1257
0,1.0,0.0,4361.271537540988,1258
0,1.0,0.0,4361.271537540988,1259
0,1.0,0.0,4456.440316999196,1260
0,1.0,0.0,4459.008792570349,1261
0,1.0,0.0,4455.088487732941,1262
0,1.0,0.0,4543.903669664343,1263
0,1.0,0.0,4543.903669664343,1264
0,1.0,0.0,4543.903669664343,1265
0,1.0,0.0,4543.903669664343,1266
0,1.0,0.0,4543.903669664343,1267
0,1.0,0.0,4709.502753231317,1268
0,1.0,0.0,4646.642692924438,1269
0,1.0,0.0,4675.977387724336,1270
0,1.0,0.0,4576.077205894091,1271
0,1.0,0.0,4576.077205894091,1272
0,1.0,0.0,4576.077205894091,1273
0,1.0,0.0,4558.908974361194,1274
0,1.0,0.0,4547.688791559083,1275
0,1.0,0.0,4624.743059027523,1276
0,1.0,0.0,4694.227082635438,1277
0,1.0,0.0,4639.207632005642,1278
0,1.0,0.0,4639.207632005642,1279
0,1.0,0.0,4639.207632005642,1280
0,1.0,0.0,4636.639156411674,1281
0,1.0,0.0,4573.373547367965,1282
0,1.0,0.0,4605.276717743727,1283
0,1.0,0.0,4603.654522651521,1284
0,1.0,0.0,4559.044157278468,1285
0,1.0,0.0,4559.044157278468,1286
0,1.0,0.0,4559.044157278468,1287
0,1.0,0.0,4620.822754141612,1288
0,1.0,0.0,4595.002815379678,1289
0,1.0,0.0,4573.238364398047,1290
0,1.0,0.0,4607.169278649696,1291
0,1.0,0.0,4607.169278649696,1292
0,1.0,0.0,4607.169278649696,1293
0,1.0,0.0,4607.169278649696,1294
0,1.0,0.0,4603.654522604106,1295
0.0,1.0,0,4602.708242107533,1296
0.0,1.0,0,4618.930193147757,1297
0.0,1.0,0,4681.655070528985,1298
0.0,1.0,0,4691.79378995029,1299
0.0,1.0,0,4691.79378995029,1300
0.0,1.0,0,4691.79378995029,1301
0.0,1.0,0,4690.036411915875,1302
0.0,1.0,0,4698.823302066429,1303
0.0,1.0,0,4726.806167591462,1304
0.0,1.0,0,4663.54055852895,1305
0.0,1.0,0,4686.927204633535,1306
0.0,1.0,0,4686.927204633535,1307
0.0,1.0,0,4686.927204633535,1308
0.0,1.0,0,4686.927204633535,1309
0.0,1.0,0,4650.968546484,1310
0.0,1.0,0,4581.619705763073,1311
0.0,1.0,0,4643.127936797165,1312
0.0,1.0,0,4673.814460847509,1313
0.0,1.0,0,4673.814460847509,1314
0.0,1.0,0,4673.814460847509,1315
0.0,1.0,0,4678.951411996148,1316
0.0,1.0,0,4710.178667746595,1317
0.0,1.0,0,4610.684034682483,1318
0.0,1.0,0,4596.354644597863,1319
0.0,1.0,0,4551.473913400283,1320
0.0,1.0,0,4551.473913400283,1321
0.0,1.0,0,4551.473913400283,1322
0.0,1.0,0,4570.129157093708,1323
0.0,1.0,0,4632.718851532388,1324
0.0,1.0,0,4655.835131786092,1325
0.0,1.0,0,4699.634399587717,1326
0.0,1.0,0,4686.792021659615,1327
0.0,1.0,0,4686.792021659615,1328
0.0,1.0,0,4686.792021659615,1329
0.0,1.0,0,4624.472693098614,1330
0.0,1.0,0,4649.887083086338,1331
0.0,1.0,0,4662.053546350914,1332
0.0,1.0,0,4648.940802609074,1333
0.0,1.0,0,4690.171594858136,1334
0.0,1.0,0,4690.171594858136,1335
0.0,1.0,0,4690.171594858136,1336
0.0,1.0,0,4763.440740402547,1337
0.0,1.0,0,4782.501532868926,1338
0.0,1.0,0,4774.796106143863,1339
0.0,1.0,0,4749.111350320814,1340
0.0,1.0,0,4724.913606694534,1341
0.0,1.0,0,4724.913606694534,1342
0.0,1.0,0,4724.913606694534,1343
0.0,1.0,0,4789.8014108746775,1344
0.0,1.0,0,4780.338606114984,1345
0.0,1.0,0,4788.314398727553,1346
0.0,1.0,0,4805.617813156533,1347
0.0,1.0,0,4793.316166958546,1348
0.0,1.0,0,4793.316166958546,1349
0.0,1.0,0,4793.316166958546,1350
0.0,1.0,0,4833.871044542224,1351
0.0,1.0,0,4838.332081094987,1352
0.0,1.0,0,4896.595921932866,1353
0.0,1.0,0,4899.299580456016,1354
0.0,1.0,0,4874.966653901052,1355
0.0,1.0,0,4874.966653901052,1356
0.0,1.0,0,4874.966653901052,1357
0.0,1.0,0,4886.862751352258,1358
0.0,1.0,0,4871.722263695505,1359
0.0,1.0,0,4879.022141682813,1360
0.0,1.0,0,4887.403483071099,1361
0.0,1.0,0,4886.45720258084,1362
0.0,1.0,0,4886.45720258084,1363
0.0,1.0,0,4886.45720258084,1364
0.0,1.0,0,4908.897568195499,1365
0.0,1.0,0,4981.625982053634,1366
0.0,1.0,0,5008.257018369006,1367
0.0,1.0,0,5078.281773705171,1368
0.0,1.0,0,5142.628846189857,1369
0.0,1.0,0,5142.628846189857,1370
0.0,1.0,0,5142.628846189857,1371
0.0,1.0,0,5236.040247618514,1372
0.0,1.0,0,5247.5307962714005,1373
0.0,1.0,0,5274.567381359057,1374
0.0,1.0,0,5292.817076305588,1375
0.0,1.0,0,5312.418600498893,1376
0.0,1.0,0,5312.418600498893,1377
0.0,1.0,0,5312.418600498893,1378
0.0,1.0,0,5295.25036896214,1379
0.0,1.0,0,5347.5661610509915,1380
0.0,1.0,0,5537.498171160954,1381
0.0,1.0,0,5588.867682812053,1382
0.0,1.0,0,5491.535976558193,1383
0.0,1.0,0,5491.535976558193,1384
0.0,1.0,0,5491.535976558193,1385
0.0,1.0,0,5527.629817638051,1386
0.0,1.0,0,5244.151223185314,1387
0,0.7928952400120761,0.20710475998792385,5190.29172317835,1388
0,0.7928952400120761,0.20710475998792385,5233.647931450907,1389
0,0.7928952400120761,0.20710475998792385,5253.851298754951,1390
0,0.7928952400120761,0.20710475998792385,5253.569514214238,1391
0,0.7928952400120761,0.20710475998792385,5262.773286273254,1392
0,0.7928952400120761,0.20710475998792385,5326.741599880718,1393
0,0.7928952400120761,0.20710475998792385,5438.757358372207,1394
0,0.7928952400120761,0.20710475998792385,5349.48053723737,1395
0,0.7928952400120761,0.20710475998792385,5212.379991036111,1396
0,0.7928952400120761,0.20710475998792385,5218.502471747572,1397
0,0.7928952400120761,0.20710475998792385,5187.259116944207,1398
0,0.7928952400120761,0.20710475998792385,5202.236077799131,1399
0,0.7928952400120761,0.20710475998792385,5241.443283915197,1400
0,0.7928952400120761,0.20710475998792385,5181.652829784525,1401
0,0.7928952400120761,0.20710475998792385,5189.60803933123,1402
0,0.7928952400120761,0.20710475998792385,5182.557423756585,1403
0,0.7928952400120761,0.20710475998792385,5238.633859480363,1404
0,0.7928952400120761,0.20710475998792385,5260.97593260963,1405
0,0.7928952400120761,0.20710475998792385,5255.959158913727,1406
0,0.7928952400120761,0.20710475998792385,5277.398701958446,1407
0,0.7928952400120761,0.20710475998792385,5304.965091009515,1408
0,0.7928952400120761,0.20710475998792385,5275.85631288882,1409
0,0.7928952400120761,0.20710475998792385,5213.490737902426,1410
0.20380685217222583,0.7961931478277742,0,5047.728813506481,1411
0.20380685217222583,0.7961931478277742,0,5047.728813506481,1412
0.20380685217222583,0.7961931478277742,0,5047.728813506481,1413
0.20380685217222583,0.7961931478277742,0,5052.214500716495,1414
0.20380685217222583,0.7961931478277742,0,5015.711389453819,1415
0.20380685217222583,0.7961931478277742,0,5091.466103181722,1416
0.20380685217222583,0.7961931478277742,0,5131.125464080598,1417
0.20380685217222583,0.7961931478277742,0,5091.959962882136,1418
0,0.7994518230180272,0.20054817698197275,5071.204436253696,1419
0,0.7994518230180272,0.20054817698197275,5076.193937515036,1420
0,0.7994518230180272,0.20054817698197275,5088.469707049238,1421
0,0.7994518230180272,0.20054817698197275,5103.018678646348,1422
0,0.7994518230180272,0.20054817698197275,5139.71404843441,1423
0,0.7994518230180272,0.20054817698197275,5101.759474970311,1424
0,0.7994518230180272,0.20054817698197275,5132.0893527228245,1425
0,0.7994518230180272,0.20054817698197275,5130.951393815607,1426
0,0.7994518230180272,0.20054817698197275,5145.03691880325,1427
0,0.7994518230180272,0.20054817698197275,5042.473672780829,1428
0,0.7994518230180272,0.20054817698197275,4990.097367460046,1429
0,0.91,0.08999999999999997,5190.29172317835,1430
0,0.91,0.08999999999999997,5147.714658542005,1431
0,0.91,0.08999999999999997,5165.097769890126,1432
0,0.91,0.08999999999999997,5163.382989561046,1433
0,0.91,0.08999999999999997,5165.102243640974,1434
0,0.91,0.08999999999999997,5178.540618064584,1435
0,0.91,0.08999999999999997,5224.6675384810815,1436
0,0.91,0.08999999999999997,5238.641646222844,1437
0,0.91,0.08999999999999997,5274.056367335758,1438
0,0.91,0.08999999999999997,5269.717525729762,1439
0,0.91,0.08999999999999997,5267.7443665552555,1440
0,0.91,0.08999999999999997,5266.700238298412,1441
0,0.91,0.08999999999999997,5288.662468161509,1442
0,0.91,0.08999999999999997,5303.372293551284,1443
0,0.91,0.08999999999999997,5222.302595957495,1444
0,0.91,0.08999999999999997,5232.714260532116,1445
0,0.91,0.08999999999999997,5334.176424091441,1446
0,0.91,0.08999999999999997,5340.324549161671,1447
0,0.91,0.08999999999999997,5350.728517916886,1448
0,0.91,0.08999999999999997,5359.575239758998,1449
0,0.91,0.08999999999999997,5279.877364458272,1450
0,0.91,0.08999999999999997,5322.906526203235,1451
0,0.91,0.08999999999999997,5277.007634817411,1452
0,0.91,0.08999999999999997,5313.393734578668,1453
0,0.91,0.08999999999999997,5306.070834123957,1454
0,0.91,0.08999999999999997,5307.712462103291,1455
0,0.91,0.08999999999999997,5315.061647389554,1456
0,0.91,0.08999999999999997,5307.176900531046,1457
0,0.91,0.08999999999999997,5379.481064436604,1458
0,0.91,0.08999999999999997,5357.242877313713,1459
0,0.91,0.08999999999999997,5370.130026935726,1460
0,0.91,0.08999999999999997,5368.428609013053,1461
0,0.91,0.08999999999999997,5375.294231550781,1462
0,0.91,0.08999999999999997,5358.553862498998,1463
0,0.91,0.08999999999999997,5378.640852086182,1464
0,0.91,0.08999999999999997,5308.111023047672,1465
0,0.91,0.08999999999999997,5296.33057656308,1466
0,0.91,0.08999999999999997,5332.179913907406,1467
0,0.91,0.08999999999999997,5335.961701259528,1468
0,0.91,0.08999999999999997,5344.6567644394145,1469
0,0.91,0.08999999999999997,5363.670297449885,1470
0,0.91,0.08999999999999997,5404.745491894149,1471
0,0.91,0.08999999999999997,5399.798059659401,1472
0,0.91,0.08999999999999997,5503.426632071498,1473
0,0.91,0.08999999999999997,5559.7370963206085,1474
0,0.91,0.08999999999999997,5559.877664183278,1475
0,0.91,0.08999999999999997,5535.623712693286,1476
0,0.91,0.08999999999999997,5366.699214486537,1477
0,0.91,0.08999999999999997,5391.461123843601,1478
0,0.91,0.08999999999999997,5344.743234525111,1479
0,0.91,0.08999999999999997,5393.370197711374,1480
0,0.91,0.08999999999999997,5453.521808825227,1481
0,0.91,0.08999999999999997,5454.839844971813,1482
0,0.91,0.08999999999999997,5447.380563069415,1483
0,0.91,0.08999999999999997,5429.741437660514,1484
0,0.91,0.08999999999999997,5461.948201327855,1485
0,0.91,0.08999999999999997,5455.930951221645,1486
0,0.91,0.08999999999999997,5409.6086783985065,1487
0,0.91,0.08999999999999997,5458.848828070865,1488
0,0.91,0.08999999999999997,5482.747896307588,1489
0,0.91,0.08999999999999997,5483.072681225384,1490
0,0.91,0.08999999999999997,5381.31596283452,1491
0,0.91,0.08999999999999997,5272.659998389654,1492
0,0.91,0.08999999999999997,5320.87460470597,1493
0,0.91,0.08999999999999997,5302.576853637822,1494
0,0.91,0.08999999999999997,5187.1067463865975,1495
0,0.91,0.08999999999999997,5186.7646075420935,1496
0,0.91,0.08999999999999997,5202.931039281632,1497
0,0.91,0.08999999999999997,5170.485424596489,1498
0,0.91,0.08999999999999997,5337.989700508978,1499
0,0.91,0.08999999999999997,5347.422121891441,1500
0,0.91,0.08999999999999997,5384.5796861069775,1501
0,0.91,0.08999999999999997,5418.79517746509,1502
0,0.91,0.08999999999999997,5399.140404221076,1503
0,0.91,0.08999999999999997,5411.751938889329,1504
0,0.91,0.08999999999999997,5462.704235363422,1505
0,0.91,0.08999999999999997,5479.641065980658,1506
0,0.91,0.08999999999999997,5386.997564550855,1507
0,0.91,0.08999999999999997,5400.144912335436,1508
0,0.91,0.08999999999999997,5385.857841318449,1509
0,0.91,0.08999999999999997,5380.056339011637,1510
0,0.91,0.08999999999999997,5400.845399800386,1511
0,0.91,0.08999999999999997,5381.228775794242,1512
0,0.91,0.08999999999999997,5436.209442400921,1513
0,0.91,0.08999999999999997,5443.8256185626415,1514
0,0.91,0.08999999999999997,5596.501281934512,1515
0,0.91,0.08999999999999997,5601.456859547115,1516
0,0.91,0.08999999999999997,5608.1498613887625,1517
0,0.91,0.08999999999999997,5623.828332530469,1518
0,0.91,0.08999999999999997,5616.465333211473,1519
0,0.91,0.08999999999999997,5592.547940290209,1520
0,0.91,0.08999999999999997,5610.742612140911,1521
0,0.91,0.08999999999999997,5598.627218083556,1522
0,0.91,0.08999999999999997,5608.641746728415,1523
0,0.91,0.08999999999999997,5629.45923996559,1524
0,0.91,0.08999999999999997,5665.357330452628,1525
0,0.91,0.08999999999999997,5661.565879676678,1526
0,0.91,0.08999999999999997,5674.98134628664,1527
0,0.91,0.08999999999999997,5718.043525853686,1528
0,0.91,0.08999999999999997,5745.868858975875,1529
0,0.91,0.08999999999999997,5748.126320407143,1530
0,0.91,0.08999999999999997,5755.4659579505715,1531
0,0.91,0.08999999999999997,5804.839147408348,1532
0,0.91,0.08999999999999997,5973.502345100167,1533
0,0.91,0.08999999999999997,5949.796766516236,1534
0,0.91,0.08999999999999997,5959.983148004694,1535
0,0.91,0.08999999999999997,5971.046423086143,1536
0,0.62,0.38,5190.29172317835,1537
0,0.62,0.38,5249.442507542423,1538
0,0.62,0.38,5228.374986312403,1539
0,0.81,0.18999999999999995,5190.29172317835,1540
0,1,0,5078.215867280742,1541
0.0,1.0,0,5126.757129594253,1542
0.0,1.0,0,5079.594880383024,1543
0.0,1.0,0,5072.0103081266,1544
0.0,1.0,0,5072.0103081266,1545
0.0,1.0,0,5072.0103081266,1546
0.0,1.0,0,5055.6000518335295,1547
0.0,1.0,0,5060.150795164704,1548
0.0,1.0,0,5120.551570473091,1549
0.0,1.0,0,5135.720714975887,1550
0.0,1.0,0,5109.795268069206,1551
0.0,1.0,0,5109.795268069206,1552
0.0,1.0,0,5109.795268069206,1553
0.0,1.0,0,5121.241077074887,1554
0.0,1.0,0,5120.551570486064,1555
0.0,1.0,0,5083.042413235134,1556
0.0,1.0,0,5112.553294299507,1557
0.0,1.0,0,5140.409359588944,1558
0.0,1.0,0,5140.409359588944,1559
0.0,1.0,0,5140.409359588944,1560
0.0,1.0,0,5138.065037244625,1561
0.0,1.0,0,5055.737953149745,1562
0.0,1.0,0,5062.219314865613,1563
0,0.8523355097940734,0.14766449020592667,4903.394097230005,1564
0,0.8523355097940734,0.14766449020592667,4930.338338680626,1565
0,0.8523355097940734,0.14766449020592667,4955.454551947276,1566
0,0.8523355097940734,0.14766449020592667,4975.424375031565,1567
0,0.8523355097940734,0.14766449020592667,5044.0144776654015,1568
0,0.8523355097940734,0.14766449020592667,5196.483454232417,1569
0,0.8523355097940734,0.14766449020592667,5207.555261404284,1570
0,0.8523355097940734,0.14766449020592667,5173.165620558908,1571
0,0.8523355097940734,0.14766449020592667,5169.621459823437,1572
0,0.8523355097940734,0.14766449020592667,5161.00446574783,1573
0,0.8523355097940734,0.14766449020592667,5156.409703235649,1574
0,0.8523355097940734,0.14766449020592667,5183.481315342187,1575
0,0.8523355097940734,0.14766449020592667,5115.370365170431,1576
0,0.8523355097940734,0.14766449020592667,5101.476867211605,1577
0,0.8523355097940734,0.14766449020592667,5128.370073847295,1578
0,0.8523355097940734,0.14766449020592667,5153.1288987339785,1579
0,0.8523355097940734,0.14766449020592667,5216.653180324927,1580
0,0.8523355097940734,0.14766449020592667,5217.820020743894,1581
0,0.8523355097940734,0.14766449020592667,5291.182953903668,1582
0,0.8523355097940734,0.14766449020592667,5225.994253451685,1583
0.14513984041267028,0.8548601595873297,0,5107.2769849732,1584
0.14513984041267028,0.8548601595873297,0,5086.887631727537,1585
0,1,0,4989.714184259046,1586
0.0,1.0,0,4989.714184259046,1587
0.0,1.0,0,4989.714184259046,1588
0.0,1.0,0,4964.806410538247,1589
0.0,1.0,0,4935.3178968391,1590
0.0,1.0,0,4899.674013769756,1591
0.0,1.0,0,4901.678087499265,1592
0.0,1.0,0,4856.300131956644,1593
0.0,1.0,0,4856.300131956644,1594
0.0,1.0,0,4856.300131956644,1595
0.0,1.0,0,4829.960877020944,1596
0.0,1.0,0,4915.420307473722,1597
0.0,1.0,0,4913.416233742952,1598
0.0,1.0,0,4936.463081818573,1599
0.0,1.0,0,4880.7784613060385,1600
0.0,1.0,0,4880.7784613060385,1601
0.0,1.0,0,4880.7784613060385,1602
0.0,1.0,0,4934.745304355958,1603
0.0,1.0,0,4967.239928691103,1604
0.0,1.0,0,4951.923079328521,1605
0.0,1.0,0,4941.18696999446,1606
0.0,1.0,0,4967.81252119632,1607
0.0,1.0,0,4967.81252119632,1608
0.0,1.0,0,4967.81252119632,1609
0.0,1.0,0,4970.532335559812,1610
0.0,1.0,0,4942.045858755193,1611
0.0,1.0,0,4954.356597487383,1612
0.0,1.0,0,4973.824742430819,1613
0.0,1.0,0,4958.078448699887,1614
0.0,1.0,0,4958.078448699887,1615
0.0,1.0,0,4958.078448699887,1616
0.0,1.0,0,4884.070868190153,1617
0,0.8819751103974308,0.11802488960256927,4803.729784803517,1618
0,0.8819751103974308,0.11802488960256927,4832.439540509974,1619
0,0.8819751103974308,0.11802488960256927,4920.702620456225,1620
0,0.8819751103974308,0.11802488960256927,4920.719133166724,1621
0,0.8819751103974308,0.11802488960256927,4923.630043418312,1622
0,0.8819751103974308,0.11802488960256927,4904.386479059287,1623
0,0.8819751103974308,0.11802488960256927,4915.846951851707,1624
0,0.8819751103974308,0.11802488960256927,4971.016404556811,1625
0,0.8819751103974308,0.11802488960256927,4944.16134295446,1626
0.11593806335307752,0.8840619366469226,0,4955.366307949323,1627
0.11593806335307752,0.8840619366469226,0,4919.680653996845,1628
0.11593806335307752,0.8840619366469226,0,4919.680653996845,1629
0.11593806335307752,0.8840619366469226,0,4919.680653996845,1630
0.11593806335307752,0.8840619366469226,0,4898.823385980928,1631
0.11593806335307752,0.8840619366469226,0,4936.562391487381,1632
0.11593806335307752,0.8840619366469226,0,4905.602459182572,1633
0.11593806335307752,0.8840619366469226,0,4959.702278441347,1634
0.11593806335307749,0.8840619366469225,0,5002.745642344597,1635
0.11593806335307749,0.8840619366469225,0,5002.745642344597,1636
0,0.8861166295656585,0.11388337043434153,4991.145469520167,1637
0.1118604840043914,0.8881395159956086,0,4943.700394348489,1638
0.11186048400439141,0.8881395159956086,0,4951.989394338099,1639
0.11186048400439141,0.8881395159956086,0,5002.331363229511,1640
0.11186048400439141,0.8881395159956085,0,4976.512807335734,1641
0.11186048400439141,0.8881395159956085,0,4961.802677726243,1642
0.11186048400439141,0.8881395159956085,0,4961.802677726242,1643
0.11186048400439143,0.8881395159956086,0,4961.80267772624,1644
0.11186048400439143,0.8881395159956086,0,4940.904017894746,1645
0,0.8901309255187246,0.10986907448127538,4956.515340655067,1646
0,0.8901309255187246,0.10986907448127538,4937.188019538948,1647
0,0.8901309255187246,0.10986907448127538,4911.660238920492,1648
0,0.8901309255187246,0.10986907448127538,4911.2805183556475,1649
0,0.8901309255187246,0.10986907448127538,4953.700520059687,1650
0,0.8901309255187246,0.10986907448127538,4954.273814083047,1651
0,0.8901309255187246,0.10986907448127538,4942.541702312667,1652
0,0.8901309255187246,0.10986907448127538,5023.240674511266,1653
0,0.8901309255187246,0.10986907448127538,4946.377793028528,1654
0,0.8901309255187246,0.10986907448127538,5065.906351078154,1655
0,0.8901309255187246,0.10986907448127538,5113.98161269697,1656
0,0.8901309255187246,0.10986907448127538,5123.461995326305,1657
0,0.8901309255187246,0.10986907448127538,5138.653431236663,1658
0,0.8901309255187246,0.10986907448127538,5142.157634103182,1659
0.10790880981290024,0.8920911901870997,0,5079.505661477477,1660
0.10790880981290024,0.8920911901870997,0,5083.469475141881,1661
0.10790880981290027,0.8920911901870998,0,5061.422840958411,1662
0.10790880981290028,0.8920911901870998,0,5101.821670041109,1663
0.10790880981290028,0.8920911901870998,0,5101.821670041109,1664
0.10790880981290028,0.8920911901870998,0,5101.821670041109,1665
0.10790880981290028,0.8920911901870998,0,5140.448581867126,1666
0.10790880981290027,0.8920911901870997,0,5172.732135352283,1667
0.10790880981290027,0.8920911901870998,0,5226.373870050266,1668
0.10790880981290026,0.8920911901870997,0,5201.314492678541,1669
0.10790880981290027,0.8920911901870997,0,5195.385667450991,1670
0.10790880981290027,0.8920911901870997,0,5195.385667450991,1671
0.10790880981290027,0.8920911901870997,0,5195.385667450991,1672
0.10790880981290027,0.8920911901870997,0,5205.886078236108,1673
0,0.894020644260506,0.10597935573949398,5211.534405627823,1674
0,0.894020644260506,0.10597935573949398,5238.479281447343,1675
0,0.894020644260506,0.10597935573949398,5230.383572749929,1676
0,0.894020644260506,0.10597935573949398,5239.810997253597,1677
0,0.894020644260506,0.10597935573949398,5200.007524566236,1678
0,0.894020644260506,0.10597935573949398,5183.918481943056,1679
0,0.894020644260506,0.10597935573949398,5200.3603309467435,1680
0,0.894020644260506,0.10597935573949398,5224.004107900796,1681
0,0.894020644260506,0.10597935573949398,5222.750531707752,1682
0,0.894020644260506,0.10597935573949398,5147.84635664212,1683
0,0.894020644260506,0.10597935573949398,5230.418815659011,1684
0,0.894020644260506,0.10597935573949398,5197.842112791815,1685
0.10408037604867937,0.8959196239513206,0,5166.629639889751,1686
0.10408037604867937,0.8959196239513206,0,5161.243229893859,1687
0.10408037604867938,0.8959196239513206,0,5172.874388933556,1688
0.10408037604867938,0.8959196239513206,0,5176.424026085774,1689
0.10408037604867938,0.8959196239513206,0,5161.859433987031,1690
0.10408037604867938,0.8959196239513206,0,5143.249821405825,1691
0.10408037604867938,0.8959196239513206,0,5143.249821405825,1692
0.10408037604867938,0.8959196239513206,0,5143.249821405825,1693
0,0.8977884671768392,0.10221153282316071,5094.775084907798,1694
0,0.8977884671768392,0.10221153282316071,5112.9968058346685,1695
0,0.8977884671768392,0.10221153282316071,5097.941638245006,1696
0,0.8977884671768392,0.10221153282316071,4871.960009288555,1697
0,0.8977884671768392,0.10221153282316071,4854.851990201273,1698
0.10037248668103632,0.8996275133189636,0,4814.510856554796,1699
0.10037248668103632,0.8996275133189636,0,4814.510856554796,1700
0.10037248668103632,0.8996275133189636,0,4819.274248108763,1701
0.10037248668103634,0.8996275133189637,0,4817.025579531083,1702
0.10037248668103634,0.8996275133189637,0,4857.430019228412,1703
0.10037248668103634,0.8996275133189637,0,4840.966146485437,1704
0.10037248668103634,0.8996275133189637,0,4845.358179103982,1705
0.10037248668103634,0.8996275133189637,0,4845.358179103983,1706
0.10037248668103634,0.8996275133189637,0,4845.358179103984,1707
0,0.9014371029912392,0.09856289700876072,4820.169918397351,1708
0,0.9014371029912392,0.09856289700876072,4756.944809726747,1709
0,0.9014371029912392,0.09856289700876072,4794.68181557335,1710
0,0.9014371029912392,0.09856289700876072,4829.113327572948,1711
0,0.9014371029912392,0.09856289700876072,4819.962188465128,1712
0,0.9014371029912392,0.09856289700876072,4824.49489151616,1713
0,0.9014371029912392,0.09856289700876072,4836.181933215961,1714
0,0.9014371029912392,0.09856289700876072,4857.397679926453,1715
0,0.9014371029912392,0.09856289700876072,4881.447569780528,1716
0,0.9014371029912392,0.09856289700876072,4875.40607741714,1717
0,0.9014371029912392,0.09856289700876072,4877.608996453807,1718
0,0.9014371029912392,0.09856289700876072,4859.8122184716685,1719
0,0.9014371029912392,0.09856289700876072,4873.523427100827,1720
0,0.9014371029912392,0.09856289700876072,4869.220411931656,1721
0,0.9014371029912392,0.09856289700876072,4846.363470085114,1722
0,0.9014371029912392,0.09856289700876072,4883.7203408763335,1723
0,0.9014371029912392,0.09856289700876072,4899.566121359834,1724
0,0.9014371029912392,0.09856289700876072,4902.790308016644,1725
0,0.9014371029912392,0.09856289700876072,4888.277498914815,1726
0,0.9014371029912392,0.09856289700876072,4883.460167776436,1727
0,0.9014371029912392,0.09856289700876072,4884.982984806826,1728
0,0.9014371029912392,0.09856289700876072,4866.307943710552,1729
0,0.9014371029912392,0.09856289700876072,4871.405674034013,1730
0,0.9014371029912392,0.09856289700876072,4805.08154461737,1731
0,0.9014371029912392,0.09856289700876072,4835.599566467233,1732
0,0.9014371029912392,0.09856289700876072,4838.631484443691,1733
0,0.9014371029912392,0.09856289700876072,4857.587145279426,1734
0,0.9014371029912392,0.09856289700876072,4867.5344915451005,1735
0,0.9014371029912392,0.09856289700876072,4884.194619261818,1736
0,0.9014371029912392,0.09856289700876072,4911.145409168228,1737
0,0.9014371029912392,0.09856289700876072,4929.0052591155945,1738
0,0.9014371029912392,0.09856289700876072,5017.230882569969,1739
0,0.9014371029912392,0.09856289700876072,5008.495977422848,1740
0,0.9014371029912392,0.09856289700876072,5035.744236355044,1741
0,0.9014371029912392,0.09856289700876072,5029.217704245062,1742
0,0.9014371029912392,0.09856289700876072,4973.973938822307,1743
0,0.9014371029912392,0.09856289700876072,4967.059411882574,1744
0.0967824221867906,0.9032175778132094,0,4984.658045231971,1745
0.0967824221867906,0.9032175778132094,0,4914.876052866998,1746
0,1.0,0.0,4816.901937929715,1747
0,1.0,0.0,4816.901937929715,1748
0,1.0,0.0,4816.901937929715,1749
0,1.0,0.0,4751.188345764153,1750
0,1.0,0.0,4708.836550416938,1751
0,1.0,0.0,4764.167121777153,1752
0,1.0,0.0,4774.550142552337,1753
0,1.0,0.0,4846.8214320675315,1754
0,1.0,0.0,4846.8214320675315,1755
0,1.0,0.0,4846.8214320675315,1756
0,1.0,0.0,4880.97610576391,1757
0,1.0,0.0,4889.446464816478,1758
0,1.0,0.0,4873.05222147245,1759
0,1.0,0.0,4869.226898040825,1760
0,1.0,0.0,4861.029776351259,1761
0,1.0,0.0,4861.029776351259,1762
0,1.0,0.0,4861.029776351259,1763
0,1.0,0.0,4923.7377571975885,1764
0,1.0,0.0,4941.361568810649,1765
0,1.0,0.0,4887.397184394342,1766
0,1.0,0.0,4881.6591992172935,1767
0,1.0,0.0,4914.174448534564,1768
0,1.0,0.0,4914.174448534564,1769
0,1.0,0.0,4914.174448534564,1770
0,1.0,0.0,4914.174448534564,1771
0,1.0,0.0,4958.848761698593,1772
0,1.0,0.0,4950.515021332666,1773
0,1.0,0.0,4952.564301728777,1774
0,1.0,0.0,4983.030270648462,1775
0,1.0,0.0,4983.030270648462,1776
0,1.0,0.0,4983.030270648462,1777
0,1.0,0.0,4977.292285479713,1778
0,1.0,0.0,4924.1476132311245,1779
0.0,1.0,0,4880.019774824908,1780
0.0,1.0,0,4886.1676160756015,1781
0.0,1.0,0,4903.518190302225,1782
